$MeshFormat
2.2 0 8
$EndMeshFormat
$PhysicalNames
4
1 1 "Inflow"
1 2 "NoSlip"
1 3 "Outflow"
2 4 "Channel"
$EndPhysicalNames
$Nodes
2352
1 0 2 0
2 10 2 0
3 10 0 0
4 1 0 0
5 1 1 0
6 -0 1 0
7 0.09999999999992584 2 0
8 0.199999999999856 2 0
9 0.2999999999997771 2 0
10 0.3999999999996677 2 0
11 0.4999999999995511 2 0
12 0.5999999999994683 2 0
13 0.6999999999993983 2 0
14 0.7999999999993286 2 0
15 0.8999999999992587 2 0
16 0.9999999999991888 2 0
17 1.099999999999119 2 0
18 1.199999999999033 2 0
19 1.299999999998852 2 0
20 1.399999999998576 2 0
21 1.499999999998284 2 0
22 1.599999999997992 2 0
23 1.6999999999977 2 0
24 1.799999999997408 2 0
25 1.899999999997116 2 0
26 1.999999999996825 2 0
27 2.099999999996533 2 0
28 2.199999999996241 2 0
29 2.299999999995949 2 0
30 2.399999999995657 2 0
31 2.499999999995365 2 0
32 2.599999999995073 2 0
33 2.699999999994782 2 0
34 2.79999999999449 2 0
35 2.899999999994198 2 0
36 2.999999999993906 2 0
37 3.099999999993614 2 0
38 3.199999999993322 2 0
39 3.299999999993029 2 0
40 3.399999999992738 2 0
41 3.499999999992446 2 0
42 3.599999999992154 2 0
43 3.699999999991863 2 0
44 3.799999999991571 2 0
45 3.899999999991278 2 0
46 3.999999999991022 2 0
47 4.099999999991035 2 0
48 4.199999999991187 2 0
49 4.299999999991338 2 0
50 4.399999999991491 2 0
51 4.499999999991642 2 0
52 4.599999999991795 2 0
53 4.699999999991947 2 0
54 4.799999999992099 2 0
55 4.89999999999225 2 0
56 4.999999999992403 2 0
57 5.099999999992555 2 0
58 5.199999999992706 2 0
59 5.299999999992858 2 0
60 5.39999999999301 2 0
61 5.499999999993161 2 0
62 5.599999999993313 2 0
63 5.699999999993466 2 0
64 5.799999999993618 2 0
65 5.899999999993771 2 0
66 5.999999999993922 2 0
67 6.099999999994074 2 0
68 6.199999999994227 2 0
69 6.299999999994378 2 0
70 6.39999999999453 2 0
71 6.499999999994682 2 0
72 6.599999999994833 2 0
73 6.699999999994986 2 0
74 6.799999999995138 2 0
75 6.899999999995289 2 0
76 6.999999999995442 2 0
77 7.099999999995594 2 0
78 7.199999999995747 2 0
79 7.299999999995897 2 0
80 7.39999999999605 2 0
81 7.499999999996202 2 0
82 7.599999999996353 2 0
83 7.699999999996505 2 0
84 7.799999999996658 2 0
85 7.899999999996808 2 0
86 7.999999999996962 2 0
87 8.099999999997113 2 0
88 8.199999999997265 2 0
89 8.299999999997418 2 0
90 8.399999999997569 2 0
91 8.499999999997721 2 0
92 8.599999999997873 2 0
93 8.699999999998024 2 0
94 8.799999999998176 2 0
95 8.899999999998329 2 0
96 8.999999999998479 2 0
97 9.099999999998634 2 0
98 9.199999999998786 2 0
99 9.299999999998937 2 0
100 9.399999999999089 2 0
101 9.499999999999241 2 0
102 9.599999999999392 2 0
103 9.699999999999545 2 0
104 9.799999999999697 2 0
105 9.899999999999848 2 0
106 10 1.899999999999584 0
107 10 1.799999999999167 0
108 10 1.699999999999306 0
109 10 1.6 0
110 10 1.500000000000693 0
111 10 1.400000000001387 0
112 10 1.30000000000208 0
113 10 1.200000000002774 0
114 10 1.100000000003467 0
115 10 1.000000000004117 0
116 10 0.9000000000037447 0
117 10 0.8000000000033287 0
118 10 0.7000000000029127 0
119 10 0.6000000000024965 0
120 10 0.5000000000020806 0
121 10 0.4000000000016644 0
122 10 0.3000000000012482 0
123 10 0.200000000000832 0
124 10 0.100000000000416 0
125 9.900000000000382 0 0
126 9.800000000000763 0 0
127 9.700000000001145 0 0
128 9.600000000001527 0 0
129 9.500000000001908 0 0
130 9.40000000000229 0 0
131 9.300000000002671 0 0
132 9.200000000003053 0 0
133 9.100000000003435 0 0
134 9.000000000003816 0 0
135 8.900000000004198 0 0
136 8.80000000000458 0 0
137 8.700000000004961 0 0
138 8.600000000005343 0 0
139 8.500000000005723 0 0
140 8.400000000006106 0 0
141 8.300000000006488 0 0
142 8.200000000006868 0 0
143 8.100000000007251 0 0
144 8.000000000007633 0 0
145 7.900000000008014 0 0
146 7.800000000008396 0 0
147 7.700000000008777 0 0
148 7.600000000009159 0 0
149 7.500000000009541 0 0
150 7.400000000009922 0 0
151 7.300000000010304 0 0
152 7.200000000010686 0 0
153 7.100000000011066 0 0
154 7.000000000011449 0 0
155 6.900000000011831 0 0
156 6.800000000012212 0 0
157 6.700000000012594 0 0
158 6.600000000012975 0 0
159 6.500000000013357 0 0
160 6.400000000013739 0 0
161 6.300000000014121 0 0
162 6.200000000014501 0 0
163 6.100000000014884 0 0
164 6.000000000015264 0 0
165 5.900000000015647 0 0
166 5.800000000016028 0 0
167 5.700000000016409 0 0
168 5.600000000016792 0 0
169 5.500000000017 0 0
170 5.400000000016568 0 0
171 5.300000000015962 0 0
172 5.200000000015357 0 0
173 5.100000000014751 0 0
174 5.000000000014145 0 0
175 4.90000000001354 0 0
176 4.800000000012934 0 0
177 4.700000000012328 0 0
178 4.600000000011723 0 0
179 4.500000000011116 0 0
180 4.400000000010511 0 0
181 4.300000000009906 0 0
182 4.2000000000093 0 0
183 4.100000000008694 0 0
184 4.000000000008089 0 0
185 3.900000000007482 0 0
186 3.800000000006878 0 0
187 3.700000000006272 0 0
188 3.600000000005666 0 0
189 3.500000000005061 0 0
190 3.400000000004457 0 0
191 3.300000000003852 0 0
192 3.200000000003246 0 0
193 3.100000000002643 0 0
194 3.000000000002038 0 0
195 2.900000000001432 0 0
196 2.800000000000828 0 0
197 2.700000000000224 0 0
198 2.59999999999962 0 0
199 2.499999999999013 0 0
200 2.39999999999841 0 0
201 2.299999999997805 0 0
202 2.199999999997201 0 0
203 2.099999999996594 0 0
204 1.999999999996261 0 0
205 1.899999999996565 0 0
206 1.799999999996947 0 0
207 1.699999999997329 0 0
208 1.59999999999771 0 0
209 1.499999999998092 0 0
210 1.399999999998474 0 0
211 1.299999999998857 0 0
212 1.199999999999235 0 0
213 1.099999999999618 0 0
214 1 0.09999999999981467 0
215 1 0.1999999999995579 0
216 1 0.2999999999992664 0
217 1 0.3999999999989749 0
218 1 0.4999999999986943 0
219 1 0.5999999999989468 0
220 1 0.69999999999921 0
221 1 0.7999999999994734 0
222 1 0.8999999999997368 0
223 0.8999999999995836 1 0
224 0.7999999999999998 1 0
225 0.7000000000006934 1 0
226 0.6000000000013869 1 0
227 0.5000000000020587 1 0
228 0.4000000000016644 1 0
229 0.3000000000012483 1 0
230 0.2000000000008322 1 0
231 0.100000000000416 1 0
232 0 1.1 0
233 0 1.2 0
234 0 1.3 0
235 0 1.4 0
236 0 1.5 0
237 0 1.6 0
238 0 1.7 0
239 0 1.8 0
240 0 1.9 0
241 8.958623438928432 0.09551978756116321 0
242 8.448967495762497 0.09086924499158695 0
243 7.939599832978858 0.09475227512867572 0
244 7.445323696105125 0.06944439992261375 0
245 6.945529790314229 0.08969231815907328 0
246 6.439267399969404 0.09017040530810611 0
247 5.956397758574051 0.08943040326595743 0
248 2.045472011067531 0.09111103395905554 0
249 2.555409264176594 1.911668699991926 0
250 3.063127296959538 1.904957420697591 0
251 3.551574252586449 1.913051200215674 0
252 4.052763823452979 1.913933140922742 0
253 5.450000000016784 0.08660254037854047 0
254 4.542212181205977 1.919701725508977 0
255 5.045269224875111 1.910958139129019 0
256 5.741580474686071 1.909968420173536 0
257 6.246589121274824 1.913323601338846 0
258 6.750957705594452 1.912531434247785 0
259 7.238719207842949 1.902611818495466 0
260 7.752142064079877 1.909991110867391 0
261 8.253168557842281 1.912184842344883 0
262 8.74846104272633 1.912260469047792 0
263 3.76019485450752 0.09521451342958709 0
264 4.252366606073799 0.08449078671130575 0
265 3.251912512836609 0.08887140295498984 0
266 4.750010788733427 0.08490507817451792 0
267 2.738834061085856 0.09504452262799883 0
268 2.044219119985188 1.903786333534645 0
269 9.91396020824609 1.049993037851513 0
270 1.086707644951108 0.9501820469238412 0
271 9.149850340957805 1.916554818585632 0
272 1.649999999997846 1.913397459621809 0
273 9.913699731273121 0.6500000003833486 0
274 1.64999999999752 0.0866025403781128 0
275 9.350600612435276 0.08722041057032906 0
276 9.913662425017741 1.450189135848801 0
277 2.354797125949008 0.07378081304351267 0
278 5.151806502140418 0.09085190485479019 0
279 1.086601910853261 0.6500010917528594 0
280 5.452995157269294 1.912501052763644 0
281 1.347825414949615 1.909355636765234 0
282 1.087430529484194 1.051119039807758 0
283 1.173404294761049 1.000292535621578 0
284 0.7426087700043016 1.081071608999125 0
285 0.5468402906282205 1.915221718677734 0
286 0.9520285602781511 1.912839329357241 0
287 1.173554930377366 1.100499680539802 0
288 1.259913476833952 1.050156882458692 0
289 9.44447608735722 1.911700647192446 0
290 1.259913273015406 1.150160870779173 0
291 1.346449811635077 1.100060577883941 0
292 0.4528944272753024 1.084652349605459 0
293 1.346440828954012 1.000047357042106 0
294 1.433025985436103 1.050020697955178 0
295 1.433021429441136 0.9500137715005563 0
296 1.519619348074605 1.000006502308541 0
297 1.519617532807972 0.9000036416244092 0
298 1.606218934650808 0.950001839515388 0
299 1.606218955314436 1.050001903615432 0
300 1.692820738691772 1.000000672732161 0
301 1.692820601664272 1.100000452311584 0
302 1.779422986168227 1.050000198529077 0
303 1.7794229718976 0.9500001776919333 0
304 1.866025444758805 1.000000066914972 0
305 1.866025436948314 1.100000042676872 0
306 1.952627958698144 1.050000017014304 0
307 1.952627992904564 0.9500002902614846 0
308 2.039230584518379 1.000000413985837 0
309 2.039230511513301 1.100000067216788 0
310 2.125833151963645 1.050000261705675 0
311 2.125834396135117 0.950004499909284 0
312 2.212436725600324 1.00000332309509 0
313 2.212435792893678 1.100000618154657 0
314 2.299038543302194 1.050001008190363 0
315 2.299041169141998 0.9500090488142076 0
316 2.385641422780171 1.000002004793994 0
317 2.385644004075296 0.9000090797979304 0
318 2.472244082441404 0.9500022057635246 0
319 2.47224333838455 1.050000371788078 0
320 2.55884587308678 1.000000299662583 0
321 2.558845731786553 1.100000008614136 0
322 2.645448294089897 1.050000054307262 0
323 2.645448614575441 0.9500006081179468 0
324 2.73205088421307 1.000000135107564 0
325 2.732051758722037 0.9000020762834517 0
326 2.818653563499983 0.9500004452119688 0
327 2.818653397458925 1.050000098133926 0
328 2.905255933160043 1.0000000916936 0
329 2.905255975100047 0.9000001646124378 0
330 2.991858450897477 0.9500000431633985 0
331 2.99185843691741 1.050000016457223 0
332 3.078460974234249 1.000000010079991 0
333 3.078460970299511 1.10000000239363 0
334 3.16506351054297 1.050000002112421 0
335 3.165063510552158 0.9500000021201358 0
336 3.251666050209505 1.000000000716793 0
337 3.251666140555496 0.8999998082246945 0
338 3.338268605402178 0.9499999681600568 0
339 3.338268592452275 1.04999998213829 0
340 3.424871133907552 0.9999999885875132 0
341 3.424871133681485 0.8999999927928344 0
342 3.511473672043008 0.9499999968976797 0
343 3.511473674236068 1.049999983843992 0
344 3.598076212076961 0.9999999967912048 0
345 3.598076214142898 1.099999986165868 0
346 3.684678752319441 1.04999999716054 0
347 3.684678751735029 0.9500000000013019 0
348 3.771281292211017 0.9999999995280011 0
349 3.771281297408354 0.8999999749440815 0
350 3.857883833390991 0.9499999957463683 0
351 3.857883847519377 1.050000034826246 0
352 3.94448637552523 1.000000005096627 0
353 3.944486373463222 0.9000000001414217 0
354 4.031088913790748 0.950000000874196 0
355 4.031088913782089 1.050000000996542 0
356 4.117691453807218 1.000000000313154 0
357 4.117691812474481 1.099999378885135 0
358 4.204294462627236 1.049999188501995 0
359 4.204294072140247 0.9499998648037958 0
360 4.290896675566269 0.9999997555212992 0
361 4.290896570938093 0.8999999367221097 0
362 4.377499104386545 0.949999948708773 0
363 4.377499153286408 1.049999864008899 0
364 4.464101633167038 0.9999999687880005 0
365 4.464101631233874 1.099999972134737 0
366 4.550704161207426 1.049999990155688 0
367 4.550704155521728 0.9500000000025325 0
368 4.637306677168437 1.000000056977747 0
369 4.637306693725835 1.100000007857677 0
370 4.723909232794547 1.050000010807991 0
371 4.723909184987695 0.9500001530439178 0
372 4.810511767528377 1.000000027310753 0
373 4.810511749529798 0.9000000808503011 0
374 4.897114312720084 0.9500000128787354 0
375 4.897114314795308 1.050000006700563 0
376 4.983716857414986 1.000000000003398 0
377 4.983716857041314 1.100000001119808 0
378 5.070319397731285 1.050000000189711 0
379 5.070319397783415 0.9500000000345376 0
380 5.156921938160165 1.000000000039953 0
381 5.156921938167427 0.9000000000150118 0
382 5.243524478545806 0.9500000000158108 0
383 5.243524478547852 1.050000000012 0
384 5.330127018929372 1.000000000004047 0
385 5.330127018920658 0.900000000020194 0
386 5.416729559306539 0.9500000000068878 0
387 5.416729559307562 1.050000000004684 0
388 5.503332099686125 1.000000000004869 0
389 5.503332099652185 0.9000000000640985 0
390 5.58993464005921 0.9500000000145226 0
391 5.589934640063785 1.050000000006262 0
392 5.676537180442229 1.000000000006598 0
393 5.676537180638181 1.099999999666903 0
394 5.7631397210494 1.049999999610448 0
395 5.763139720859682 0.9499999999393882 0
396 5.849742261244513 0.9999999999283162 0
397 5.849742261440772 1.099999999588071 0
398 5.936344801626106 1.049999999922833 0
399 5.936344801578803 0.9500000000050974 0
400 6.022947341965041 0.999999999991527 0
401 6.02294734195861 0.9000000000029914 0
402 6.109549882337139 0.9500000000027298 0
403 6.109549882337024 1.050000000002627 0
404 6.196152422714436 1.000000000004609 0
405 6.196152422714118 1.100000000004864 0
406 6.28275496309239 1.05000000000537 0
407 6.282754958198064 0.9499999982645441 0
408 6.369357501940539 0.9999999990046438 0
409 6.369357503215576 1.099999999838842 0
410 6.455960043849062 1.050000000005895 0
411 6.455960043849174 0.9500000000059392 0
412 6.542562584227522 1.000000000006065 0
413 6.542562584227685 0.9000000000061413 0
414 6.629165124591077 0.9500000010302126 0
415 6.629165124603379 1.050000000176831 0
416 6.715767664966485 1.000000001229405 0
417 6.715767664980804 1.100000000238552 0
418 6.802370205362633 1.050000000006407 0
419 6.802370204063488 0.9500000138401334 0
420 6.888972745524545 1.000000002312166 0
421 6.888972745704837 1.100000000390753 0
422 6.975575286119338 1.050000000006641 0
423 6.975575286083457 0.9500000003909813 0
424 7.062177826491774 1.000000000070831 0
425 7.062177826490961 0.9000000000816033 0
426 7.148780366876207 0.9500000000069468 0
427 7.14878036687506 1.050000000017522 0
428 7.235382907254317 1.000000000008782 0
429 7.235382907254154 1.100000000008985 0
430 7.321985447632745 1.050000000007383 0
431 7.321985447632863 0.9500000000075062 0
432 7.408587988011187 1.000000000007194 0
433 7.408587988011286 0.9000000000073636 0
434 7.495190528389584 0.9500000000073365 0
435 7.495190528389482 1.050000000007227 0
436 7.581793068767887 1.000000000007361 0
437 7.581793068767995 0.9000000000074824 0
438 7.668395609146299 0.9500000000075028 0
439 7.668395609146184 1.050000000007392 0
440 7.754998149524592 1.000000000007524 0
441 7.755000358358061 1.100002224984665 0
442 7.841605580050642 1.050004823678325 0
443 7.841601504927631 0.9500008039527873 0
444 7.928207868007227 1.000004401696466 0
445 7.928204149472045 0.9000008766220722 0
446 8.014808795701533 0.9500027439202601 0
447 8.014836614868821 1.050027291983473 0
448 8.101424800460887 1.000012978254493 0
449 8.101411732099209 0.9000027664134921 0
450 8.188011566217963 0.9500006193057893 0
451 8.188050797656736 1.050026898883249 0
452 8.274616550481094 1.000001951063284 0
453 8.274652766614171 1.100021839342669 0
454 8.361216701491593 1.050000249446838 0
455 8.361216161287858 0.9500000903206178 0
456 8.447819030951605 0.9999995277329884 0
457 8.447818510737131 0.9000000150603268 0
458 8.534421113385777 0.9499999242084745 0
459 8.534421013990247 1.050000000426101 0
460 8.621023570564018 0.9999999875772604 0
461 8.621023571607175 0.8999999888681451 0
462 8.707626099585633 0.9499999963061709 0
463 8.707626104579493 1.049999985338216 0
464 8.794228636768612 0.9999999971457532 0
465 8.79422864329066 1.099999985075732 0
466 8.880831174448732 1.050000000010588 0
467 8.880831174124319 0.9500000008857233 0
468 8.967433714115048 0.9999999917075364 0
469 8.967433714821027 0.9000000000086432 0
470 9.05403625294665 0.9499999952175712 0
471 9.054036239527687 1.049999960506741 0
472 9.054036255198934 0.8500000000086956 0
473 9.140638792444065 0.8999999951950955 0
474 8.967433707313054 0.8000000130126745 0
475 1.346440749738026 1.200047943044186 0
476 1.173466040973247 1.200381439978597 0
477 9.140638794273123 0.800000007422514 0
478 9.22724133333962 0.8499999979091475 0
479 9.227241335955297 0.7500000000091225 0
480 0.08336549616296449 1.549778604525185 0
481 9.313843876154456 0.8000000003612577 0
482 9.313843864869307 0.8999999853938982 0
483 9.313843874268757 0.7000000486220472 0
484 9.227241335955323 0.6500000000094378 0
485 9.915091362636469 0.3499050590031153 0
486 1.08641956097345 0.3501548816660598 0
487 9.400446414651508 0.8500000004842537 0
488 9.40044640533533 0.9499999858613958 0
489 9.313843807031883 0.6000016534878704 0
490 9.227241186994249 0.5500035543103581 0
491 9.487048954785934 0.8999999992660573 0
492 9.487028147962059 0.9999780062293955 0
493 9.400442835858113 1.049996188849744 0
494 9.486973398574182 1.099950411491401 0
495 9.400446135226789 1.149999636185716 0
496 9.486751012751913 1.200008868369573 0
497 9.400354543056899 1.249997552476845 0
498 9.486206512541624 1.300105697943388 0
499 9.399836115673882 1.349964249381991 0
500 9.485295957941709 1.400182434055321 0
501 9.399191569760752 1.449784049054092 0
502 9.313325430446239 1.399780347081779 0
503 9.484411592606387 1.499864704263035 0
504 1.348190260974188 0.09001907475077456 0
505 9.655640231076916 0.09590083724979438 0
506 9.313202277073705 1.498707003989969 0
507 9.227026468835456 1.44942363686659 0
508 9.313818652515602 0.4999602134096494 0
509 9.400442195693596 0.5499937756816183 0
510 9.227211556877229 0.4499619643712218 0
511 9.140633788655613 0.4999947044463305 0
512 4.250154844014597 1.915540385409412 0
513 1.433015816703383 0.8500051204092817 0
514 1.519615615574479 0.80000061109076 0
515 4.964862322183014 0.09504602293957155 0
516 5.070319397720715 1.150000000220897 0
517 4.983716857340283 1.20000000022601 0
518 5.070319397768666 1.250000000077248 0
519 4.983716857398001 1.300000000053223 0
520 5.070319397786164 1.350000000024624 0
521 4.983716857410434 1.40000000001577 0
522 5.070319397791042 1.450000000009723 0
523 5.156921938170058 1.40000000000873 0
524 5.156921938170787 1.500000000006207 0
525 5.243521674467442 1.44999894113669 0
526 4.983761159158888 1.500066039779575 0
527 4.897121765729551 1.450010893929933 0
528 4.897205216779107 1.550135467579428 0
529 4.810529819065589 1.500021533967447 0
530 8.880831174449746 1.150000000010774 0
531 8.794228933995758 1.199999480729218 0
532 1.433013461436148 0.7500013487053052 0
533 1.519615394504647 0.7000004298010467 0
534 1.433012007210944 0.650001704376864 0
535 1.519613304285196 0.6000034849244789 0
536 1.606217486183168 0.6500006751210129 0
537 1.606211724894316 0.5500074505358997 0
538 1.692819058230569 0.600001830319841 0
539 1.692814322485193 0.500010989644133 0
540 1.779412712963786 0.5500263496235149 0
541 1.779452131745506 0.4501515292842291 0
542 1.865981231522993 0.5001020352360229 0
543 1.519591920442448 0.5000323609867596 0
544 1.160982222797977 1.904833560436711 0
545 8.361215982149545 0.8500000197080074 0
546 4.897114311795905 0.8500000156234059 0
547 4.810511720234123 0.8000001680677933 0
548 4.897114306759214 0.7500000306172452 0
549 4.81051168825439 0.7000002633170991 0
550 4.897114300589929 0.6500000489908921 0
551 4.810512288952641 0.6002033141478594 0
552 4.723889289630467 0.6500935517754828 0
553 4.72353388102615 0.5505204005268978 0
554 4.637117234268324 0.600348003053485 0
555 4.636693776558962 0.5012107367449539 0
556 4.550385167539559 0.550621065662952 0
557 4.897138928879251 0.5501114737311648 0
558 4.983720956647057 0.6000185871243295 0
559 4.54911951627226 0.4531602684618377 0
560 4.463739932422786 0.5007287186724442 0
561 4.983739095377057 0.5000602256228068 0
562 5.070323787325622 0.5500131354616182 0
563 8.361232178508519 1.149996667233086 0
564 8.274771807806323 1.199984127193492 0
565 8.36144758274266 1.249656743068137 0
566 8.275141675552893 1.299449306893182 0
567 8.362272236680965 1.348328253984111 0
568 8.276411814159337 1.396885041098016 0
569 8.36404883344078 1.445418607922426 0
570 8.190560544448459 1.35210347827908 0
571 8.197844798979334 1.46322329349042 0
572 8.103803940342813 1.402863561645642 0
573 8.101408311037519 1.500000000007436 0
574 8.015373904540962 1.450396463731545 0
575 8.014407651304177 1.548723720970427 0
576 7.928332172238802 1.499933693681899 0
577 9.653736660163261 1.903683631640896 0
578 7.841600978939045 0.8500002801010196 0
579 5.936344801579208 0.8500000000047645 0
580 6.022947333474184 0.8000000146988087 0
581 5.936344796633881 0.7500000085707491 0
582 6.022947087039442 0.7000004415366932 0
583 5.936344397104481 0.6500007005764287 0
584 6.022932232018833 0.5999904973653901 0
585 5.936302616728982 0.5499943041264628 0
586 5.849734828190764 0.5999997473263028 0
587 5.849708871501994 0.500005375067746 0
588 5.763132822427867 0.5500010176052359 0
589 6.109547765022459 0.6499994204167321 0
590 6.109520041653958 0.5499788812121265 0
591 6.196145410775152 0.5999947963031298 0
592 6.196112774311311 0.4999595509392017 0
593 6.282745139052073 0.5499902353951805 0
594 5.763138833693413 0.4500270022847435 0
595 5.67653995846159 0.5000177093778135 0
596 4.031088973145867 1.149999896648462 0
597 4.117695228683003 1.19999346155087 0
598 4.03108891324925 1.250000000002449 0
599 4.117785241461448 1.299837554732294 0
600 4.031527868812169 1.350085686379482 0
601 4.118091750911652 1.399306664768847 0
602 4.033235558294496 1.451536880617086 0
603 3.945074725915665 1.400499262506361 0
604 3.945134642491035 1.501053281768261 0
605 3.858041664549983 1.450207348259112 0
606 3.8574367678775 1.550222132279381 0
607 3.771239020636003 1.500069575545661 0
608 4.119693197473358 1.496532877958236 0
609 4.205575171999311 1.447967437956819 0
610 8.951067419042641 1.915791220928128 0
611 7.321985447632614 1.150000000007376 0
612 7.235382907254174 1.200000000007249 0
613 7.321985475508704 1.249998588410176 0
614 7.235382809133604 1.29999968787424 0
615 7.321981973664526 1.34996663894845 0
616 7.235379217593646 1.399967171936055 0
617 7.321958692967145 1.450187767087877 0
618 7.408615597976619 1.399890812302163 0
619 7.408752752016532 1.499337547703447 0
620 7.235104270616072 1.500478568919476 0
621 7.148718724856118 1.450056492814319 0
622 7.147897869412913 1.550514633673855 0
623 7.061929394841712 1.500098551551332 0
624 7.321985447633016 0.8500000000072687 0
625 0.7594898672327912 1.909898518112576 0
626 2.991858430324283 1.150000003224087 0
627 3.078460969217433 1.200000000261826 0
628 2.991858427181621 1.249999999394704 0
629 3.078460969089451 1.300000000009629 0
630 2.991858356593222 1.349999952602945 0
631 3.078455324250495 1.400002106564982 0
632 2.991844146928431 1.450016436643915 0
633 2.905253413168444 1.400002677050161 0
634 2.90524531290764 1.500017107729487 0
635 2.818651166933787 1.45000329357126 0
636 3.165062474729679 1.350000289310546 0
637 3.16505153502021 1.44999542290633 0
638 3.251662327559176 1.399996576963309 0
639 3.251649966616152 1.499977445629713 0
640 2.818563318620458 1.550211986091255 0
641 2.732069598241892 1.500097191607525 0
642 3.338263752737932 1.449991561356338 0
643 0.3499999999997224 1.913397459621654 0
644 7.408587988011398 0.8000000000074499 0
645 7.32198543483843 0.7500000222344805 0
646 7.408587956963847 0.7000000540243287 0
647 7.321984992138926 0.6500007913090314 0
648 7.408586593990453 0.6000024218074755 0
649 7.321981611556497 0.5500066640862725 0
650 7.235381892797392 0.6000017623344729 0
651 7.235344864542201 0.5000660880849515 0
652 7.148761973529723 0.5500321347251165 0
653 7.408581236792532 0.5000895651957136 0
654 7.495188496906395 0.5500165025156372 0
655 8.447818489949762 0.8000000068665398 0
656 8.361215946248167 0.7500000055565703 0
657 8.447818478347976 0.7000000022935371 0
658 8.361215936133675 0.6500000015698312 0
659 8.44781847431349 0.6000000007034357 0
660 8.361216783001902 0.5500020520948976 0
661 8.274613534594437 0.6000003424151343 0
662 8.274620216947559 0.5000164783384676 0
663 8.188012836082626 0.5500049447379014 0
664 8.447819517779742 0.5000065235878806 0
665 8.534421159251728 0.5500011362096893 0
666 8.534417186542319 0.4500087568788411 0
667 8.621016984589296 0.5000119638706204 0
668 3.437758074079847 0.09007148571755175 0
669 2.552516300279003 0.09359269217004798 0
670 2.954471261547861 0.08684668413634503 0
671 3.946756662829484 0.09051861147419842 0
672 2.472243508049684 1.150000491133004 0
673 0.08068218056919317 1.351791777826079 0
674 6.439267399956634 1.909829594695181 0
675 6.975575248063226 0.8500002244944685 0
676 6.455960043806425 1.149999999978043 0
677 8.450906311745328 1.914598369374952 0
678 6.054815261532312 1.912452847506827 0
679 7.564312668270603 1.905645009974075 0
680 6.948073426544 1.911066180351511 0
681 5.589934640096953 1.149999999948548 0
682 5.676537181848421 1.199999997570449 0
683 5.589934640304077 1.249999999589574 0
684 5.676537225318939 1.299999922277075 0
685 5.936344801626475 1.149999999921889 0
686 2.249484865114441 1.917838862035424 0
687 8.150000000007054 0.0866025403781128 0
688 6.734990398521786 0.09505494054110512 0
689 7.752807484821615 0.08857472450446534 0
690 6.629165124498991 0.8500000073448035 0
691 2.472246682584109 0.8500067084036242 0
692 2.385675639976025 0.800076706511315 0
693 2.472312803407672 0.7501233714937779 0
694 2.385833213142381 0.7004129925930555 0
695 2.472495707322647 0.6504423746325354 0
696 2.386315879203674 0.6011695381176391 0
697 2.471770570067444 0.5522266454277507 0
698 2.558678284008108 0.6008799305470913 0
699 2.299047735397377 0.6507487151864095 0
700 2.298447697862625 0.5522185400704441 0
701 2.557840371591624 0.5026137414015144 0
702 2.64516510457308 0.5509702504146557 0
703 8.745369751037799 0.08682444729151569 0
704 4.031088913438685 0.8500000001701764 0
705 3.944486373001356 0.800000000052613 0
706 4.031088804822882 0.7500001879311006 0
707 3.944486385199703 0.6999999080176261 0
708 4.031088116630372 0.6500013680363452 0
709 3.94448619415893 0.6000007515623779 0
710 4.031081591077587 0.5500138305534177 0
711 3.944484599413574 0.5000141608396025 0
712 3.857886143407872 0.5499962008237915 0
713 6.369357503420849 1.199999999973257 0
714 6.455960043833436 1.249999999995791 0
715 6.369357517203938 1.300000095716627 0
716 6.455960046135022 1.350000015955978 0
717 6.369357507742931 1.400000029766254 0
718 6.455970656728768 1.449981277179527 0
719 6.542564353421453 1.399996882193273 0
720 6.542575259693059 1.499977629454722 0
721 6.369394494294269 1.499960937674327 0
722 6.282761719954107 1.449997610451869 0
723 1.858009002797446 1.904126700855483 0
724 5.589934504541775 1.349999456087235 0
725 5.676538679993023 1.399997272932568 0
726 5.589935922772122 1.449984739444304 0
727 2.991858449656079 0.8500000394605185 0
728 9.913471832522371 1.649871182357319 0
729 3.511473671471753 0.8499999987734923 0
730 3.424871131195799 0.7999999985955523 0
731 8.448901547718116 1.398167290620259 0
732 8.450288923554618 1.495172029956398 0
733 8.535484283073162 1.448072100285881 0
734 3.511473670978025 0.7500000000006137 0
735 3.424871130698806 0.6999999997661999 0
736 8.880831632816196 1.249999187159355 0
737 7.495295336762877 1.449695264081193 0
738 3.51147395181972 0.6499985070725869 0
739 3.424900583745721 0.5999218859597482 0
740 3.511517005694582 0.54987099861325 0
741 3.425104776973029 0.4994170638762166 0
742 3.338418876331425 0.5496812037418723 0
743 6.629167532048801 1.449995751945431 0
744 5.676597201163078 1.5000061993626 0
745 5.763151852156972 1.449997326001526 0
746 3.358871250362884 1.909937742165895 0
747 9.91422619327637 1.250086449193794 0
748 9.9136997063494 0.8499999953804934 0
749 3.511540918119989 0.4497687494694428 0
750 5.260565672334141 1.909838078568704 0
751 7.147697900870495 0.06946291591694938 0
752 4.03106296666167 0.450066567552834 0
753 9.400413927828655 0.4500087987879153 0
754 9.48704283595605 0.5000004963042158 0
755 8.536270027337803 1.546797413108726 0
756 8.621745874959476 1.498740771638613 0
757 7.49520901703071 0.4501892811506405 0
758 7.581795650555119 0.5000345775829165 0
759 6.247823133833721 0.08614039748046733 0
760 4.810434941842342 1.600529869849428 0
761 4.72395045602554 1.549994461753577 0
762 5.763263902027451 1.549926117870492 0
763 5.849747302434832 1.499989015172562 0
764 6.282773004389239 0.4499024851019662 0
765 6.369407569773095 0.4999212146095187 0
766 6.109319675151178 0.4497489442584016 0
767 7.148658831910769 0.4502714745059238 0
768 7.062140537723135 0.500080522660406 0
769 4.8975017265867 0.4513492841808887 0
770 5.243521207120424 1.549998764658147 0
771 5.59002362972942 1.550025883207412 0
772 3.338203696973252 1.54988171358945 0
773 5.662085524751112 0.09613116691955303 0
774 3.760194854497753 1.90478548657134 0
775 2.47006721826403 0.4554902117173397 0
776 6.629167638423477 1.54999556357081 0
777 3.164943020758017 1.549946411940917 0
778 6.282813108929782 1.550089623427014 0
779 8.360991241806223 1.551645167073067 0
780 8.188023950483348 0.4500337606000403 0
781 8.101410810230071 0.5000111121046246 0
782 4.450154131890502 0.08658916799720479 0
783 3.857897868017534 0.4499961928553365 0
784 2.6446705871777 0.4522153467140709 0
785 2.732005040195326 0.5008559598300493 0
786 4.20831694606931 1.544125496563871 0
787 4.292433028001479 1.497395184283727 0
788 7.495827592739095 1.548449146721868 0
789 3.338850941176164 0.4486134002343765 0
790 3.251918913860363 0.4994675692819105 0
791 5.07035425136081 0.4501034612923805 0
792 5.15692545147358 0.500020669261187 0
793 9.227776856729321 1.547490253925513 0
794 9.140875682850385 1.498890758789382 0
795 7.235193502371613 0.4003994055164543 0
796 9.144724373538898 0.09646197293901301 0
797 1.85824728210249 0.09616822139881782 0
798 2.739578252606084 1.910912327060117 0
799 7.940493717122639 1.906272093118355 0
800 5.849764673315453 1.599366072661931 0
801 1.866015655431979 0.6000230661731685 0
802 4.723924411902624 1.449993488514529 0
803 4.117685975196204 0.6000095869500365 0
804 9.573638429004429 0.9499851031658627 0
805 9.573649318846096 0.8499975209107752 0
806 9.572989485899068 1.149948892041775 0
807 9.571377518352726 1.350472083823619 0
808 8.274655111096946 0.4001158407959388 0
809 4.294045451261232 1.593053008565819 0
810 7.581819777273549 0.400267826338278 0
811 7.668400495834324 0.4500514233192435 0
812 9.487198863685975 0.3996792035466739 0
813 9.573664370129325 0.4499738258546169 0
814 7.409705208512226 1.59719226343189 0
815 8.101374578858842 0.4000971847428416 0
816 7.927917376743138 1.59888317366777 0
817 8.098008360695992 1.59656667898633 0
818 3.424855618901098 1.499975820826637 0
819 8.014752669865167 0.4501030708602746 0
820 4.378910476814044 1.547309371589446 0
821 4.377786831046098 1.449490932956308 0
822 3.771300552209752 1.40004615396881 0
823 1.952479274044052 0.5502355948417185 0
824 1.952302723531104 0.4505469946768853 0
825 6.369364054418009 0.5999851154769161 0
826 6.455969490198073 0.5499843134817143 0
827 6.456058463736325 0.4499311187834414 0
828 6.542602489100069 0.4999900883839549 0
829 6.542916784386501 0.4000776571136249 0
830 6.629258252334097 0.4500184358947232 0
831 2.732053757300183 1.400017076712066 0
832 2.645492879235972 1.450092611270725 0
833 2.64573069190133 1.55054825954182 0
834 2.558977286707039 1.500279112514239 0
835 3.424868110149536 1.399993366155182 0
836 7.668396652565169 0.550014974322921 0
837 8.014795901660593 0.5500221896108536 0
838 5.676536470638862 0.6000031611356889 0
839 5.589934612324363 0.5500000480551901 0
840 5.589972734000646 0.4500827069925154 0
841 5.503336585761564 0.5000159537509165 0
842 7.668395977285013 1.150000370836845 0
843 7.755002146141859 1.20000397296134 0
844 4.377499078783883 0.8499999930429323 0
845 7.062125325419428 1.400025225799994 0
846 2.905256207016148 0.8000005549000502 0
847 2.991858557145158 0.7500002229805016 0
848 6.196166882119428 1.500039904258266 0
849 6.196294266419931 1.600922360622846 0
850 9.227087957534396 1.349844822403995 0
851 6.975544323927006 1.450005913163354 0
852 6.975439778609361 1.55014375226752 0
853 7.581986532987937 1.49953061842117 0
854 7.5824662118858 1.59841274230443 0
855 2.904980556442002 1.600826177992046 0
856 9.314081635889483 1.595138592713618 0
857 9.140595235772107 0.4000720390581708 0
858 9.054028718319111 0.4500090113306637 0
859 9.141844129423099 1.596539721813153 0
860 9.054066170088587 1.548980612499286 0
861 5.15687609934835 0.3999832771379492 0
862 8.620994081345721 0.400007928971718 0
863 8.707650235714414 0.4498117578573229 0
864 8.707628752525284 0.5499710880282233 0
865 8.62057247142563 1.597692923870714 0
866 8.707837166223939 1.54845107425788 0
867 3.42446700882714 1.600176529557107 0
868 0.07959225689717248 1.745978803231864 0
869 0.2519583823360438 1.086835513894311 0
870 3.252304295576784 0.3984754440489272 0
871 3.165281166510291 0.4495067502827608 0
872 3.165439422867994 0.3492217434895135 0
873 3.078549800870708 0.3998474378484602 0
874 2.559295392486276 1.601117286640767 0
875 2.472392253375737 1.55034966680531 0
876 4.634347020231169 0.4051263086351252 0
877 7.062074748031758 0.4004437395622173 0
878 6.975626914416574 0.4501901739153664 0
879 4.462094603958548 0.404771833768066 0
880 5.15693392061766 1.599820111338987 0
881 3.941679343843897 1.60000000000276 0
882 2.731590034432253 0.4013752196254047 0
883 5.849629918316166 0.4001696805294297 0
884 3.771171581331231 1.600033295305634 0
885 6.542626598601277 1.599881396536365 0
886 1.692925378643761 0.3998715625791971 0
887 2.472574795632648 1.650802169911514 0
888 2.385818108437878 1.60014219867222 0
889 2.385709211394236 1.500084810832966 0
890 2.299147677324846 1.550009076247129 0
891 2.299071619877655 1.450015620399412 0
892 2.212477374383472 1.499976611370759 0
893 2.21244916702047 1.600451326162293 0
894 2.125841384554327 1.550085144827732 0
895 2.125841793006295 1.450004155055475 0
896 2.039233237714033 1.500012089326616 0
897 2.039221335569364 1.600002844177959 0
898 1.952617783684072 1.549979248856018 0
899 1.952628207263249 1.449997112188825 0
900 1.866019564439265 1.499986562516188 0
901 1.866005819505064 1.600002914661023 0
902 1.77941347418638 1.549981378601761 0
903 1.779419546847138 1.449992980221141 0
904 1.692794934493193 1.49995514882142 0
905 1.692769623828296 1.600250993462812 0
906 1.606170282800244 1.549917475881183 0
907 1.606203336867836 1.449974735079446 0
908 1.519602386575102 1.499977658250817 0
909 1.519529428733684 1.599853628151348 0
910 1.432997416121708 1.549979085258211 0
911 5.503360611667135 0.4000995578811083 0
912 5.156923255277237 0.60000563418277 0
913 5.503331934096924 1.299999378388822 0
914 6.629188512091286 0.5500035917168908 0
915 1.606218409403183 1.150001055995325 0
916 8.70762608406987 0.8500000214723997 0
917 4.897114355176029 1.24999993396219 0
918 6.975577679404113 0.5500522699087732 0
919 1.173262573550652 0.9000908363193056 0
920 4.204327201848445 1.249942482352196 0
921 1.952598161773889 0.6500733770637326 0
922 6.196152917514793 1.400003445854036 0
923 5.243524011202828 1.349999823527179 0
924 3.598076624863108 0.6999978211820742 0
925 8.015557955917945 1.350789983139999 0
926 8.534633228304736 1.349631164893373 0
927 9.573652620651867 0.5499957697815017 0
928 5.503332839128362 0.6000026732313741 0
929 3.251743318387633 0.5998386324463407 0
930 4.377173484090296 0.4507128926505425 0
931 4.377438425956223 0.5501230658095679 0
932 4.750677317945486 1.912853873703324 0
933 9.660256370373864 0.4999949353249317 0
934 4.380017578278391 1.645637823955772 0
935 9.660254037501998 0.6000000082345949 0
936 9.660254037509588 0.4000000080585423 0
937 4.897280306339533 1.650817264294324 0
938 4.204761542830942 1.647541219975152 0
939 6.28323938081482 1.651061845968599 0
940 1.004267709810143 1.105082714434666 0
941 4.375994321488867 0.3550762187295987 0
942 4.72385642657864 1.65037629989361 0
943 9.227019004723246 0.3497057112888809 0
944 6.629983896730772 0.3502611973312986 0
945 6.629045360831396 1.65022081329034 0
946 5.070319397795029 0.3500000000017034 0
947 5.763152006256885 0.3500743124486224 0
948 3.339774838280187 0.3463085044615495 0
949 3.337466282697943 1.649693845151479 0
950 2.646495348429954 1.652467241363898 0
951 9.054036238144525 0.3500004069437354 0
952 9.053614941487869 1.647532699441269 0
953 2.644600928266838 0.3532359244509189 0
954 6.456967997850207 0.3496660847363816 0
955 5.242928688908702 1.650015910807908 0
956 8.534357192486894 0.3500337962976464 0
957 8.522981527407714 1.652731095513651 0
958 1.4330121432942 1.649889469821716 0
959 1.346417354929559 1.600027870953916 0
960 1.346409140154533 1.500002488501216 0
961 1.259810817379466 1.550012425334133 0
962 1.259806604128258 1.650052900618127 0
963 1.173206010121752 1.600012845448912 0
964 1.173206325143955 1.500005568772365 0
965 1.086603042056959 1.550003556055175 0
966 1.086603539570372 1.450002179255068 0
967 1.000000594541699 1.500001404364566 0
968 0.9999590386716712 1.59992972250337 0
969 0.9132937957422234 1.549952015646362 0
970 0.9133965458392261 1.449998453683497 0
971 0.8267230765461808 1.49996757194147 0
972 0.8270835393144245 1.399661342357652 0
973 0.7401933432452903 1.44981692675432 0
974 0.7401051338354901 1.550068194554505 0
975 0.6534492631046971 1.500321405928104 0
976 0.6526754748355201 1.401210068953318 0
977 0.5660187081862929 1.451268219413876 0
978 0.5669843902611542 1.55035064292632 0
979 0.4802921908416523 1.500364709249862 0
980 0.4813747314758486 1.601185265580985 0
981 0.4787624613087748 1.402484282423645 0
982 0.3938282737249825 1.450218190597201 0
983 0.3926982926448451 1.351877412671805 0
984 0.9131556540434002 1.649581213407013 0
985 0.5678922742717923 1.650866563347547 0
986 7.668443099527715 0.3502374522441838 0
987 5.763466877432565 1.649433348131532 0
988 5.849707274442456 1.697400981570318 0
989 1.779687097203117 0.350487424541949 0
990 6.975835776878971 0.3505810006658714 0
991 8.014544338568541 0.3504617594977519 0
992 8.707705299601413 0.3493877930545935 0
993 8.708667994717276 1.645935943089859 0
994 7.495089023664919 0.3510349507996851 0
995 1.519613406413522 1.399996798998266 0
996 6.715999821957299 0.4002390445743916 0
997 3.684699353099832 1.549927922482999 0
998 3.684938884327549 1.649482301307841 0
999 7.755022378090485 0.400044046150394 0
1000 4.46505937715034 1.597790121235062 0
1001 1.692820296238219 1.199999926958216 0
1002 1.346410286849355 0.7000009876907455 0
1003 1.346408678707999 0.6000027810333142 0
1004 3.684678752296576 1.149999997222231 0
1005 6.455960656772385 0.6499985677501481 0
1006 2.03911398839081 0.6002180784496332 0
1007 2.558880215611687 1.400071601298955 0
1008 0.9143525389785399 1.349973000961659 0
1009 3.598076217570982 1.199999977034562 0
1010 1.692820202842101 0.7000002440106827 0
1011 2.645448273036054 1.150000011409159 0
1012 6.196150804960763 0.6999990137956147 0
1013 3.251665206624088 1.299999325545862 0
1014 7.148776644479568 0.6500067600989339 0
1015 9.313840276322141 1.099997909761968 0
1016 5.329604181600429 1.600265358406817 0
1017 5.416726983195976 0.5500071111630349 0
1018 8.794258722956339 0.4998319232144774 0
1019 8.794234655857679 0.5999647319139897 0
1020 8.188011193097056 0.6500010683757416 0
1021 7.92820339235467 0.8000003463829997 0
1022 7.841600689903387 0.7500000000079139 0
1023 2.039209845052472 0.7000644814027731 0
1024 5.849744222794691 1.399996136389219 0
1025 6.629165479761799 1.349999373656303 0
1026 9.054034720900122 0.5499984697829192 0
1027 3.078536930785335 0.499877403604939 0
1028 6.975575286113187 1.150000000070596 0
1029 6.888972745733768 1.200000000081128 0
1030 7.668396547003027 1.250000367636822 0
1031 5.589934639240838 0.8500000014325053 0
1032 4.290896264774402 0.8000004669880703 0
1033 4.637268059920618 0.7000818695110912 0
1034 7.755003074804475 1.300004034481923 0
1035 2.645382547220182 0.6503651412119535 0
1036 8.794232662141384 1.299992757442071 0
1037 5.416729252768505 0.6500016314773613 0
1038 2.905259849092629 0.7000083661209132 0
1039 5.935976401640998 1.649159091143539 0
1040 6.109556763076242 1.450037786101557 0
1041 6.109551330369133 1.350008395581735 0
1042 6.715532253836212 1.600370362999884 0
1043 6.715768125417104 1.399999187604426 0
1044 3.598097462251133 0.4998905390689751 0
1045 3.598153764638506 0.3986258754422168 0
1046 7.668503309066354 1.549616778538618 0
1047 7.668470423513722 1.64932457825353 0
1048 8.880834228685718 1.349992981865488 0
1049 8.967433796437009 1.299997521910868 0
1050 4.290663950230064 0.4004028475750193 0
1051 2.818651631775177 0.4505604397362271 0
1052 2.817964538699604 0.3501316698579782 0
1053 8.966433577339188 1.59712586787575 0
1054 9.660239912204624 0.899981884529385 0
1055 2.386474026432061 1.699959839471214 0
1056 6.196607691803809 1.703663377043593 0
1057 0.4837511962016745 1.704283925573693 0
1058 0.3958138067773843 1.652106007916625 0
1059 1.519333997558196 1.699439444588152 0
1060 3.078698450415374 0.3001870114667844 0
1061 1.000000000003565 1.700000000000395 0
1062 3.422709155027252 1.701901824969274 0
1063 5.327657386424524 1.701748688949887 0
1064 5.156599255565333 1.69882539337085 0
1065 0.4740576508168495 1.3086510396665 0
1066 5.849589721508945 0.3002683537097967 0
1067 6.543421721459076 1.698406376726037 0
1068 3.771432624368719 1.699572356449265 0
1069 7.06189760535605 0.3025187555134704 0
1070 4.465121053899975 1.695330479207975 0
1071 4.460719568700759 0.311358008213359 0
1072 0.3102932905344922 1.400312902112812 0
1073 0.8284924232768468 1.298978004550313 0
1074 5.156212458847028 0.299866306219741 0
1075 5.243320275961444 0.3500809338332702 0
1076 5.24277871627479 0.2505164186028415 0
1077 7.755159582797393 0.2996521847036088 0
1078 0.3071796769773691 1.300000000001204 0
1079 9.144492974591913 1.691947187402334 0
1080 8.101408311038952 0.3000000000093914 0
1081 8.964947801219353 1.691550081311966 0
1082 1.693315560064363 0.2984489443588542 0
1083 4.28922968126958 0.3028870742860832 0
1084 6.716788208434537 0.3007735633935754 0
1085 6.632482910369959 0.2510653764573988 0
1086 6.714600701840234 1.702125863311732 0
1087 7.582897816481395 1.69743734043897 0
1088 9.916619071633065 1.846661418979169 0
1089 1.083878313217398 0.1535931564993457 0
1090 9.918212197045015 0.1503285777092152 0
1091 7.668434579035382 0.2505769113160554 0
1092 3.511466963309751 1.449992713806158 0
1093 6.88901666317831 0.500063819816108 0
1094 6.888980909394609 0.6000244136269514 0
1095 5.329734852419564 0.3004955703703938 0
1096 7.928186224197677 0.5000337393638923 0
1097 1.173214232100004 1.400016419486633 0
1098 4.637371692956966 1.499892621166664 0
1099 4.637326243169175 1.399970305278349 0
1100 5.503326950180892 1.499980887832434 0
1101 5.415940160035037 1.649874824506656 0
1102 1.606081300993932 0.3501216024463661 0
1103 5.935602783819445 0.3500945043974476 0
1104 8.707627487245022 0.6499893955125216 0
1105 1.173193117341612 1.70002706075558 0
1106 3.944494842500767 1.200005493581081 0
1107 4.37749944091822 1.149999365807395 0
1108 4.46410183453084 1.199999620012345 0
1109 2.817927420372513 1.651910559109015 0
1110 2.904299831685189 1.703299421127585 0
1111 2.991552482325099 1.650683283056173 0
1112 6.45596003191648 0.8499999880939099 0
1113 7.754998197697543 0.8000000466899838 0
1114 2.905255887444908 1.199999999723136 0
1115 7.495190494299981 0.7500000593226149 0
1116 5.849742256845052 0.8000000075492153 0
1117 4.723909272863651 1.149999938112816 0
1118 5.156921938160286 1.200000000038642 0
1119 1.952621624378439 0.7500190410458885 0
1120 2.299038271545557 1.150000324166155 0
1121 2.212435633974176 1.200000160525833 0
1122 4.983716857415509 0.8000000000030227 0
1123 7.408588136153885 1.199997460142359 0
1124 8.274613421718101 0.8000000206874529 0
1125 4.377498040061232 0.750001871870821 0
1126 2.299038902023946 1.250000494788928 0
1127 7.235382890246282 0.8000000295545121 0
1128 7.233001965950455 1.602601156364437 0
1129 7.146291255747216 1.650452731369915 0
1130 7.225210774891899 1.70069662296211 0
1131 7.146476026685217 1.750053052880627 0
1132 8.447850617301807 1.199949827691013 0
1133 9.400431604780559 0.3503534232947879 0
1134 9.487899339882329 0.2978955009936916 0
1135 5.849742269648548 1.199999985371488 0
1136 8.967487086641757 0.3998660133020238 0
1137 8.967528397391304 0.2998437441326393 0
1138 6.369358600791117 0.6999972283555758 0
1139 5.590157712761695 0.3504591546448586 0
1140 6.54256258422728 1.200000000005974 0
1141 3.857883882066174 0.7499997760843284 0
1142 6.975576527220122 0.6500142761385652 0
1143 4.723915403494143 1.349993307339737 0
1144 7.06178677220163 1.699996721959105 0
1145 4.637307134156762 1.199999241847828 0
1146 8.534421011355674 0.7500000121151984 0
1147 3.338269223609035 0.7499986539474228 0
1148 2.558864805676127 0.8000361838548531 0
1149 6.282755013860108 1.25000035362387 0
1150 2.38566316084865 1.400026151231646 0
1151 4.377504942135574 1.24998984471823 0
1152 4.464110753659472 1.299984183795269 0
1153 3.511858382715284 0.3458412598438339 0
1154 3.597839009773983 0.2967163166179538 0
1155 3.16506372657124 0.8499995618766401 0
1156 7.148780366875762 1.25000000000669 0
1157 6.109549906833878 1.150000170613271 0
1158 0.3107226045402913 1.499973050538656 0
1159 8.707631960190076 1.249989849425699 0
1160 7.495215562553864 1.349919599756961 0
1161 8.794228553018566 0.7000001403844245 0
1162 8.880832775132344 0.6499916278228948 0
1163 9.660034637444799 0.999919703685058 0
1164 6.715767714521723 1.299999912618443 0
1165 7.841635945763276 1.250035091116583 0
1166 5.936344887147618 1.250000451090867 0
1167 4.464101329688484 0.8000006494024778 0
1168 5.330120231296773 1.399996880521782 0
1169 5.33012580976561 1.299999450677763 0
1170 6.888974271917435 0.7000068938877575 0
1171 6.802372453127244 0.6500094463194354 0
1172 6.802370824859286 0.7500028474521092 0
1173 6.715768000308799 0.7000012034761027 0
1174 6.802185814650403 1.649988739082795 0
1175 2.818657277387974 0.7500105476857148 0
1176 5.503332099688435 0.3000000000047603 0
1177 6.802369965457847 1.34999942034766 0
1178 4.29089244384189 0.7000073335054349 0
1179 6.888965365548948 1.499987759426727 0
1180 9.57365168225353 0.649999352522711 0
1181 9.660254068490342 0.6999998957626801 0
1182 3.684879000493781 0.3496592939496856 0
1183 4.203904740196186 0.3506742073774682 0
1184 1.08678827920407 1.350147465396517 0
1185 4.366862166025352 1.747037711247743 0
1186 9.746856578225271 0.4500000000101964 0
1187 9.746856578224078 0.9500000000087425 0
1188 5.068575562000781 0.2503565536745105 0
1189 4.984049926741089 0.302485129221178 0
1190 3.685932102597802 1.74782913262766 0
1191 9.746123465072376 1.049908531192602 0
1192 9.746856578224165 0.8500000000090218 0
1193 9.74600466626584 0.3498820205175903 0
1194 9.660371886693051 0.3003007256145465 0
1195 9.747026162384241 0.2496160003946345 0
1196 5.934717196640461 1.747180905559482 0
1197 5.762371500225166 0.2507319750210942 0
1198 6.80197517113413 1.748221932793385 0
1199 9.05374844680458 0.2503828991941457 0
1200 4.202898095574753 0.2518018263087404 0
1201 4.117349000345595 0.3005931464844441 0
1202 4.114708187018998 0.203558663157253 0
1203 4.03066701867052 0.2511825128367647 0
1204 1.259615859996438 1.75015973809103 0
1205 1.605181485541773 0.2517949192437148 0
1206 1.519341282408422 0.3004675311805992 0
1207 1.518377442948049 0.2021439313188911 0
1208 1.432777615975508 0.2504071807547529 0
1209 1.432931461890402 0.3501377343796851 0
1210 1.346380149467742 0.3000355654696139 0
1211 1.346385879543069 0.4000383544356905 0
1212 3.165063509463516 0.2499999999984074 0
1213 1.433260671555609 1.749519997734254 0
1214 7.667247369293315 1.7497171727959 0
1215 7.754454153320452 1.700122002737104 0
1216 0.9121874067402758 1.747904126923779 0
1217 0.8249646883186921 1.70184546399877 0
1218 2.472895039588902 1.750665900873486 0
1219 2.38844386173761 1.797967911088494 0
1220 2.300448684722769 1.75116450329136 0
1221 6.282754963090981 1.750000000005705 0
1222 0.09514503968891863 1.157893718728633 0
1223 0.1530313892399036 1.920479069569742 0
1224 1.780787159971505 0.252363030967622 0
1225 1.866313123009324 0.3008318765400558 0
1226 2.816250098057129 1.75149956714738 0
1227 2.903057042065105 1.815138171524003 0
1228 0.2326158434691495 1.449971216048035 0
1229 3.685885980069585 0.2515323733833018 0
1230 3.771537411545811 0.300162917510855 0
1231 3.597951319893754 0.1812614749836443 0
1232 8.013563882687114 0.2521510130772104 0
1233 1.518578945165469 1.798205080756757 0
1234 1.605008769359062 1.747905927549613 0
1235 5.5910664000753 0.2519602658414687 0
1236 3.079545664333128 0.20187874727906 0
1237 2.991858428705815 0.2499999999982595 0
1238 0.5701283606095844 1.751615749379222 0
1239 1.259768574104028 0.35006427809532 0
1240 1.25918605157116 0.2500282865100413 0
1241 1.259793419063376 0.4500234242808188 0
1242 3.598285103166394 1.699638188772906 0
1243 6.802411880820545 0.3505204527086434 0
1244 6.801975171137842 0.2517780672193987 0
1245 5.33001087848664 0.4001155463381352 0
1246 7.927996248953354 0.3003585021871736 0
1247 4.551538325644961 1.648065807076515 0
1248 4.550779493293533 1.449868602934565 0
1249 3.684679874941223 1.25000316220599 0
1250 1.259807172256848 0.6500009530729774 0
1251 2.125784081097302 0.6501387109866151 0
1252 2.125271460720014 0.5506299916455857 0
1253 2.12582830298488 0.7500620186012326 0
1254 5.330125539360806 0.6000023616931399 0
1255 5.330126721136085 0.7000006657203273 0
1256 3.771282118439014 1.200002057915697 0
1257 7.928198481422982 0.6000099760431302 0
1258 8.014803271450102 0.6500056925869506 0
1259 7.841596268439734 0.5500096949540213 0
1260 3.511472143742708 1.349997365879934 0
1261 3.424870335294205 1.299998243108456 0
1262 3.598076616336761 1.39999931497624 0
1263 7.754998117834182 0.7000000970800754 0
1264 7.668395605277773 0.7500000293213294 0
1265 7.062177705705651 0.8000004208507102 0
1266 8.881068772898644 0.349211145970508 0
1267 8.88142924227823 0.2494397078896134 0
1268 5.070319397792517 1.650000000004702 0
1269 6.45650416781717 1.649376058546559 0
1270 7.668399248387436 1.349995128220276 0
1271 7.75500928758682 1.399993325166819 0
1272 0.654241551621074 1.700486683278578 0
1273 1.259809788549195 0.7500041946439665 0
1274 7.581793195364344 1.199999594494823 0
1275 4.117691302145701 0.8000002624815343 0
1276 8.707672731021905 1.349917913996448 0
1277 3.684678764054131 0.8499999417053387 0
1278 6.97557528611687 1.2500000000296 0
1279 2.991867069731111 0.6500060260236128 0
1280 3.07846611902425 0.699995087464338 0
1281 4.464088451636188 0.7000266337130379 0
1282 0.9169682573777753 1.250801135894727 0
1283 2.81866693001173 0.6500634322768202 0
1284 2.21243714079745 1.299999810379821 0
1285 2.125833465001885 1.249999792456336 0
1286 6.022949011555966 1.400014780001057 0
1287 6.022930160742044 1.499998516004664 0
1288 4.204142633221626 0.4502667917135916 0
1289 6.109383307158275 1.651033345589748 0
1290 6.109549882333976 1.750000000005375 0
1291 3.771294284534897 0.4999641489606034 0
1292 3.771284073035847 0.5999913426577624 0
1293 5.50333216817387 0.7000007237998247 0
1294 1.606214452186044 1.349994132126458 0
1295 1.519614683846177 1.299999008847739 0
1296 1.433012512598434 1.349999669913196 0
1297 7.841416849783789 1.549952922947085 0
1298 6.88960483956013 1.70220154051072 0
1299 8.96740714934775 1.399881004980328 0
1300 8.880763901835339 1.449665295940226 0
1301 9.054017204331403 1.349941542275664 0
1302 9.054031480008792 1.24998842261217 0
1303 2.991933357886372 0.4500083809564375 0
1304 8.794219478841399 1.597731492712742 0
1305 8.794454362403501 1.697405803799392 0
1306 8.709134737372196 1.741128811127603 0
1307 9.40037201392694 0.2517753037227538 0
1308 9.491937603614989 0.1858488932970073 0
1309 3.33555570791236 1.747961524517009 0
1310 3.250123429620793 1.699020455381405 0
1311 3.246768824497396 1.797132131983914 0
1312 3.162792691519 1.74895819129993 0
1313 0.3976965981328636 1.753772921134646 0
1314 0.3091061121549066 1.702738363047659 0
1315 4.554086698321939 1.744235862855457 0
1316 5.415445414597127 1.747775796124261 0
1317 5.503118075567039 1.699629299358361 0
1318 6.458794447982076 1.747454860493133 0
1319 6.544880444201087 1.793200925446604 0
1320 6.977013737782944 0.2524914713716538 0
1321 5.764774045300589 1.747169266969894 0
1322 5.678335461210591 1.701675354611754 0
1323 5.93471719664374 0.2528190944503657 0
1324 6.020869577921103 0.297561622865094 0
1325 5.071849042526374 1.747350577608013 0
1326 5.328842874222942 0.2022242038823958 0
1327 9.746856578225094 0.6500000000101043 0
1328 7.063167045745326 1.797516824446592 0
1329 3.415773754382634 1.813595978220556 0
1330 5.684822645088769 1.813129335226445 0
1331 6.014211602969676 0.1852483465064282 0
1332 6.108157341377293 0.2475754228027798 0
1333 6.105558419753249 0.1577521502823244 0
1334 0.653988091280992 1.798718024512207 0
1335 0.227444129158404 1.549809861598359 0
1336 5.155561704879808 1.793336203532862 0
1337 7.061197114355896 0.2065489967599552 0
1338 7.147290997511995 0.2547299050124615 0
1339 5.319677563220099 1.812928235505013 0
1340 6.19924743338427 0.1839768196019529 0
1341 6.196152422714521 0.3000000000063224 0
1342 6.282754963092786 0.2500000000066235 0
1343 0.836560611764532 1.198783400332218 0
1344 0.7389908247335365 1.241603709060084 0
1345 0.8178206175821442 1.812981677635983 0
1346 3.159761861069903 1.84853251841198 0
1347 5.50231721702546 1.814025660567157 0
1348 1.00016306236753 1.814002124536644 0
1349 3.077501235492091 1.799455126074473 0
1350 6.893361561735156 1.814275284433801 0
1351 8.796711814578172 1.809737596296577 0
1352 0.3043352901377058 1.814027396157206 0
1353 0.2231837359116147 1.74652790001328 0
1354 4.295429679296502 0.1885018285388035 0
1355 5.502411135754858 0.1857531664162442 0
1356 8.100758549796735 0.1861977840700387 0
1357 8.188010851417163 0.2500000000095886 0
1358 3.599261049474518 1.813965594274627 0
1359 6.709700485984359 1.813953331697704 0
1360 7.146878696286066 1.848286414007649 0
1361 4.980583958531511 0.2025198235749094 0
1362 4.899420815031716 0.2640822864464013 0
1363 7.58020043544444 1.798041167399931 0
1364 7.498497983662717 1.735988911947356 0
1365 7.928126320079478 0.1996317965277073 0
1366 3.771281292112968 1.800000000002338 0
1367 3.857883832491398 1.750000000002519 0
1368 3.854722120805438 1.847985272866605 0
1369 3.944133132176777 1.796526725983107 0
1370 3.771281292115251 0.1999999999988041 0
1371 3.8579296564326 0.2498499575232967 0
1372 1.866710780550798 0.202603541644282 0
1373 1.952903891005818 0.2507605326974346 0
1374 1.952427631125848 0.1512128961137968 0
1375 2.041042166234044 0.2003574634813267 0
1376 2.129281074046029 0.1557520516843704 0
1377 2.126584270075503 0.2539079546236451 0
1378 2.214466601222231 0.207804326413483 0
1379 2.212035579096935 0.3062575715596026 0
1380 2.29891162737149 0.2611703757223705 0
1381 2.125217447949992 0.3530719270085255 0
1382 2.297362874255579 0.3579685490225655 0
1383 2.382638612619092 0.3130313703950118 0
1384 2.388771524059608 0.2200392773205181 0
1385 2.47189745093592 0.264204599984548 0
1386 1.173205080760386 1.800000000000252 0
1387 7.755223078895485 0.1978877099804049 0
1388 7.753727978225318 1.80203423565091 0
1389 7.841609971345606 1.749826584712598 0
1390 7.843946021597819 1.850156610764686 0
1391 7.931600210875808 1.797160067481362 0
1392 8.02204575070871 1.838373629465989 0
1393 8.014684217623017 1.741375219619227 0
1394 8.099855892631327 1.785891054655895 0
1395 8.104188949577491 1.884094147815726 0
1396 8.194038684935204 1.82922941557105 0
1397 8.302238228329461 1.825839261985665 0
1398 8.256331818530251 1.734802514645208 0
1399 8.355575991977613 1.738754963464269 0
1400 9.661352599682253 0.2016783250102014 0
1401 9.748401451721408 0.1497886168857797 0
1402 5.243730475806201 0.1516205686602058 0
1403 8.305588896233107 1.646830621465399 0
1404 8.408521827876385 1.654921809458813 0
1405 8.45807251667831 1.743149133893831 0
1406 8.55674128606951 1.754070230428184 0
1407 8.257236711577916 1.557473949990354 0
1408 3.85669590759341 0.1500939699856768 0
1409 1.258020037617244 1.849850326291683 0
1410 2.471083585086386 0.1689398061992179 0
1411 2.559390154129481 0.2148212448894032 0
1412 2.645210013522546 0.1532864841576742 0
1413 2.210720871628531 0.1097733119907892 0
1414 7.057259337550195 1.9035112849398 0
1415 3.945593253380483 1.903987736375236 0
1416 7.668038992010357 0.1528994344306548 0
1417 7.581999340229036 0.2021401095158609 0
1418 7.844352585343072 0.1491125853267134 0
1419 3.16339519791214 0.1515608044672678 0
1420 3.252721059957061 0.1958358104529929 0
1421 3.341729094608863 0.1439261990683849 0
1422 3.341463081775808 0.2433555881229633 0
1423 3.426703975574132 0.1875723885830004 0
1424 5.337342213689949 0.09699989566020061 0
1425 1.435455551396515 1.848402132733448 0
1426 1.435401580169041 0.1516937294919538 0
1427 2.646623791292207 0.2517860089278415 0
1428 7.663727977082533 1.851050951258859 0
1429 4.030746207489075 0.1539093884235361 0
1430 3.068355161779518 0.09693970926728863 0
1431 1.530832883495361 0.0969726329100168 0
1432 1.530860869915559 1.903075840989744 0
1433 5.064174465476832 0.1506193094575262 0
1434 7.588008469194424 0.1083034815402142 0
1435 4.109098577443179 0.1089020456473668 0
1436 2.382827520173509 0.4076996585359244 0
1437 3.426300836656055 0.2935716042105461 0
1438 2.471377148416853 1.847404743680013 0
1439 2.559084699263795 1.805030291404684 0
1440 2.646675601003252 1.856303997051001 0
1441 2.647850860946526 1.758594788271323 0
1442 2.393026769436122 1.892402226332948 0
1443 8.35155568961224 1.913330868278189 0
1444 1.17313716039979 0.4000898788873318 0
1445 1.173187963186778 0.5000248273222688 0
1446 3.511228707799092 1.650185702710822 0
1447 1.433018877914349 1.250009852519618 0
1448 5.330102102953049 0.5000242303994047 0
1449 3.598078989779366 1.499972465588536 0
1450 6.80245628837671 0.4501429520379175 0
1451 6.715773582756508 0.6000086081057835 0
1452 3.511473670978044 1.750000000002069 0
1453 6.88987304680292 0.298707487514576 0
1454 6.892864213112244 0.1868987910014246 0
1455 1.08658726762258 0.4500264531895702 0
1456 1.172477880477629 0.3001058580851849 0
1457 1.170360691684836 0.1996054538979275 0
1458 1.258421579831923 0.1512144521639346 0
1459 1.162468478533075 0.0920676304952139 0
1460 5.243524478391496 0.6500000002818546 0
1461 5.243524428873567 0.750000111035751 0
1462 5.156922149377518 0.7000009575963122 0
1463 5.07031939778783 0.6500000000146795 0
1464 7.842080468144191 0.2494397472715073 0
1465 7.841624992796366 0.3499957049034361 0
1466 3.684676532690997 1.450016394398097 0
1467 0.5511314568953293 1.082055523211111 0
1468 0.5060076333757688 1.163344631486351 0
1469 0.4093057885455048 1.16933324257547 0
1470 0.6006699730553058 1.159853091626841 0
1471 3.598112161668296 1.599868686087041 0
1472 6.629165715882962 0.6500001931067463 0
1473 1.173205858860396 0.7000024202410067 0
1474 4.638279947639031 1.698407495080729 0
1475 4.639459056416337 1.794665456672316 0
1476 0.3532961763301273 1.088412275883285 0
1477 0.3052139298266652 1.189863179166621 0
1478 0.2006427195081056 1.165898382543634 0
1479 3.511473300774972 1.249999201828795 0
1480 3.424870931339487 1.19999951592078 0
1481 6.715767822807178 0.8000006900118827 0
1482 3.077768870259803 1.699811400601218 0
1483 2.21244292759279 0.7001621023196911 0
1484 2.212447447926665 0.8000744850614941 0
1485 6.889203428412338 0.4000343144430805 0
1486 1.34641961382718 1.30001575928141 0
1487 1.259882745235209 1.25011346259115 0
1488 3.771300205711278 1.300024161737321 0
1489 2.299082732518091 0.7502516328092487 0
1490 8.880831419086828 0.7499986430067748 0
1491 9.91369990579294 0.9499998934381337 0
1492 1.433028104989223 1.150023963327997 0
1493 1.087941024864973 1.151546430866673 0
1494 1.087410768799715 1.250758827906219 0
1495 6.455960334083454 0.7499992934858997 0
1496 6.36935771005641 0.7999994114178253 0
1497 6.542562924661393 0.6999996853770516 0
1498 6.022290893089295 0.3994170204011721 0
1499 2.299048896190709 1.35000690249913 0
1500 2.385647625296298 1.300007749253143 0
1501 2.212018619833322 0.6010182494251781 0
1502 2.211434191165876 0.5025133503219753 0
1503 4.550727971670415 1.349959302087943 0
1504 5.416479617560706 1.549995252113445 0
1505 2.99185842870617 1.750000000000733 0
1506 3.078179453575335 1.600047177468818 0
1507 5.41672461755679 1.349996899316995 0
1508 1.346399405796882 0.5000173062899004 0
1509 9.916600425808427 0.2493643232914268 0
1510 3.857911618276083 1.250024050821005 0
1511 9.914480304250398 1.749395875090816 0
1512 9.827792263082729 1.699784752177981 0
1513 9.826976266792318 1.599976709564678 0
1514 9.740204439336246 1.649979110651371 0
1515 9.740754826885105 1.55042865815248 0
1516 9.65420818101506 1.600505764804494 0
1517 9.655198199374531 1.699169587560424 0
1518 9.5694115661501 1.64951538106311 0
1519 9.569368341926697 1.747875091953698 0
1520 9.484878203584747 1.69929629646247 0
1521 9.655172625949296 1.500680721830539 0
1522 9.741386098401762 1.45078116369389 0
1523 9.488219622498391 1.813625389080363 0
1524 9.399735785118441 1.739535805004422 0
1525 9.657888736810451 1.797236519150612 0
1526 9.484181831703863 1.598957829799286 0
1527 9.830524948361482 1.800300293448496 0
1528 9.838033094795209 1.90783144298313 0
1529 2.125835951423735 1.349999814335072 0
1530 2.039231355064619 1.299999364020817 0
1531 0.7402041523686924 1.349070262440003 0
1532 0.6516599220155037 1.304000837351076 0
1533 0.5635678277553132 1.353142115873708 0
1534 6.283061698427898 0.3495321672861336 0
1535 6.371588546838895 0.2975339993417048 0
1536 6.379914936666628 0.1859365445274722 0
1537 6.459117797361739 0.2500834957924392 0
1538 2.991912486943447 0.5500168058189134 0
1539 4.150402039069693 1.91388274498876 0
1540 4.102978399766537 1.828564685262132 0
1541 4.200784229052093 1.827699120797971 0
1542 4.304194376273422 1.833528804379658 0
1543 4.151425332541557 1.739378725398597 0
1544 4.038547784386854 1.743884096764615 0
1545 4.096838705311344 1.654229027608908 0
1546 4.254570376854407 1.74546862246878 0
1547 4.40372196168118 1.845881204110298 0
1548 3.078494471621957 0.5999642109547745 0
1549 4.290904380376841 1.199986411567145 0
1550 4.290992046648416 1.299838922240151 0
1551 9.913712810919238 0.7499999998194039 0
1552 2.731289617946769 1.706009575430077 0
1553 1.346721363418631 1.8010147358616 0
1554 9.544851890538368 1.910611723193191 0
1555 4.852477053708116 0.0859217229752389 0
1556 4.795334675253541 0.1668885123869244 0
1557 4.701094236799164 0.1686463949385653 0
1558 4.752875804550759 0.2466893747872635 0
1559 4.657176591701803 0.2525772564419909 0
1560 4.601495874686982 0.1701948562815521 0
1561 8.707626300680595 0.7499982774183601 0
1562 5.243506315255766 0.4500074188042423 0
1563 1.606190125808774 0.4500293564524818 0
1564 8.880831209526161 0.8499997837913604 0
1565 6.62916519205463 1.249999881049833 0
1566 1.049999999999133 1.913397459621628 0
1567 5.550000000016686 0.08660254037851819 0
1568 0.6533172827588635 1.898999875152173 0
1569 3.94448781235541 1.100000940804444 0
1570 5.156921938145139 1.10000000008422 0
1571 5.243524478545607 1.15000000001875 0
1572 5.33012701892784 1.100000000008015 0
1573 5.416729559307356 1.150000000005047 0
1574 5.3301268174007 1.199999908453051 0
1575 6.719690298873628 0.2017208821253463 0
1576 6.638921669488584 0.1525056100584004 0
1577 6.549584679860051 0.2026635700280569 0
1578 2.385642278333887 1.200001903843553 0
1579 8.967433002451633 1.199997492683466 0
1580 9.054035253530635 1.149997515232022 0
1581 9.140632486165131 1.199994321038905 0
1582 9.14063750583661 1.099998541702096 0
1583 9.140638554212604 0.9999997181529509 0
1584 5.849742683198293 1.29999952251706 0
1585 1.695199658761879 0.1860443903187242 0
1586 1.086602540382022 1.750000000000365 0
1587 9.312896527137521 0.2979303556389337 0
1588 9.308621992474066 0.1860025815518095 0
1589 9.227241335955378 0.2500000000105163 0
1590 1.000337199005583 1.400104859682701 0
1591 6.369357530662249 0.899999898435409 0
1592 1.346462028500645 1.700169122643853 0
1593 0.8559126979012108 1.912190714441105 0
1594 5.503187289673605 1.599867923476976 0
1595 0.07997969423116991 1.449933821809907 0
1596 9.345159709975988 1.915279138807798 0
1597 6.369976213502609 0.3994145116431911 0
1598 1.086603665986226 0.7500024974715604 0
1599 1.086630522704272 0.8500471058002779 0
1600 9.24772957287189 1.916234486303761 0
1601 9.199989189128999 1.832297569442086 0
1602 9.100544935982686 1.836826360229553 0
1603 9.050192114436221 1.915921701288865 0
1604 9.003107501307316 1.836207613244292 0
1605 8.905319012260117 1.830930264613517 0
1606 8.850024090650361 1.91284264508981 0
1607 8.188011121466459 0.8500002249065676 0
1608 8.101408925257658 0.8000005939328034 0
1609 5.243524165541116 1.249999863786609 0
1610 2.558846052557629 1.200000533709576 0
1611 2.645448370702545 1.250000183920116 0
1612 2.732050825699591 1.200000032922814 0
1613 2.732051502043459 1.300003212175965 0
1614 2.818653463586173 1.250000538941067 0
1615 2.558852985817605 1.300014508279511 0
1616 8.102552495791064 1.301103098568639 0
1617 8.015226691243608 1.250412931459005 0
1618 8.101831605846584 1.200356554699457 0
1619 8.707829107122105 1.449386310508539 0
1620 9.74503754322726 1.848449012026471 0
1621 6.542562949905602 1.299999358809525 0
1622 2.991705005272277 1.550267244410472 0
1623 9.914291062073394 0.4499920264880864 0
1624 9.91396262328681 0.5499996605744076 0
1625 3.944678347252538 1.300115883700911 0
1626 7.495190522708056 0.8500000098933103 0
1627 7.581793061494738 0.8000000164266914 0
1628 7.581792980777303 0.7000001607401953 0
1629 7.148348253482131 0.3515123203561257 0
1630 7.235111489235976 0.3014498474460501 0
1631 7.321933685345225 0.3512379150204011 0
1632 7.322841407594851 0.2540716023546171 0
1633 7.408437782979964 0.3027310224230217 0
1634 7.408107544526674 0.2077541939623363 0
1635 7.327908220385941 0.1599923311711049 0
1636 7.49466861964844 0.2521698343915638 0
1637 7.408537126412726 0.4008843456540612 0
1638 7.236505314614645 0.2042706569770494 0
1639 8.188838725064651 1.250516729436963 0
1640 2.039230507779323 1.199999972097021 0
1641 1.952628110836754 1.24999978308395 0
1642 1.952628398972151 1.349998611867086 0
1643 1.866025410348918 1.299999353473804 0
1644 1.866025442717557 1.199999863303954 0
1645 1.779422713015483 1.249999556825908 0
1646 1.779421747894475 1.349997481803605 0
1647 6.802395535107879 0.5500436099688623 0
1648 8.361221030687735 0.4500123099796102 0
1649 8.361247490762022 0.3500761974487825 0
1650 8.447818792771651 0.4000247787135064 0
1651 8.447838054708145 0.2997728012425187 0
1652 8.534504990439018 0.2501623457999519 0
1653 8.36116829625993 0.2503402861694727 0
1654 8.448043514887608 0.1987984176036013 0
1655 8.359682986508599 0.1511199455863828 0
1656 8.536099265647463 0.1505258818316949 0
1657 8.619951696510649 0.2018565104425435 0
1658 8.631117975046811 0.09677632738665146 0
1659 8.275535368267775 0.2022260909953725 0
1660 8.265345644324652 0.09689542702894885 0
1661 8.274776892288369 0.3004752781378788 0
1662 4.040385460720479 1.562267175202794 0
1663 5.156921808104853 1.299999947910505 0
1664 7.841600270778141 0.6500009045363248 0
1665 7.754997384984428 0.6000047712745612 0
1666 5.416729559198018 0.8500000001955006 0
1667 4.810511780279223 1.099999997156536 0
1668 4.810511821933392 1.199999922001652 0
1669 9.487047449081999 0.5999982875214493 0
1670 9.487048734373859 0.6999996586706901 0
1671 7.92848978661735 1.400224374164005 0
1672 8.967433636846344 1.099999743862737 0
1673 8.101407047371133 0.6000075509693255 0
1674 0.08155661772655162 1.257585528838086 0
1675 0.1560313349557952 1.307798695149051 0
1676 3.165063509271212 1.150000000265191 0
1677 7.668395615318176 0.8500000154101048 0
1678 0.844428901645239 1.092617539663139 0
1679 5.67653718031133 0.9000000002337438 0
1680 5.676537177821849 0.800000004546194 0
1681 5.763139719643471 0.8500000020463938 0
1682 5.763139700262276 0.7500000356161416 0
1683 1.259875561637744 0.950102098511576 0
1684 2.85001536545472 0.08741384230096268 0
1685 2.806604902834489 0.1624362076814414 0
1686 2.903056695523103 0.1835455603276619 0
1687 2.732012665918819 1.601874135523931 0
1688 3.251159809082525 1.59971082892379 0
1689 1.086593958096263 1.649995530793966 0
1690 6.022760322372381 0.4998606165282947 0
1691 7.321928671170132 0.4504473305929757 0
1692 8.014807122781566 0.8500012578467514 0
1693 0.449007376710724 1.915403868137151 0
1694 0.4899801631733007 1.816798228223172 0
1695 6.196152415430731 0.9000000026476827 0
1696 6.888972730274745 0.9000001212482074 0
1697 6.542562657873989 0.7999998778963475 0
1698 6.150925361397782 1.91517418176395 0
1699 6.197235116722466 1.8158281899184 0
1700 0.08230762100120578 1.649520077909756 0
1701 5.070319397786095 0.8500000000197692 0
1702 6.715767672089481 1.199999987487275 0
1703 1.605923193109265 1.649489670406094 0
1704 1.692913893163686 1.702017714125893 0
1705 1.694946501810928 1.814192280682424 0
1706 1.779422863408658 1.750000000000174 0
1707 1.779422912792012 1.150000006767602 0
1708 7.235382904419842 0.9000000049320132 0
1709 7.148780341354588 0.8500000795211984 0
1710 4.348257140852088 0.0920283252766442 0
1711 4.404131741163239 0.1709846869420963 0
1712 4.501569214164859 0.166858748591761 0
1713 4.809585564111571 1.70308037552788 0
1714 4.897114317035174 1.750000000004641 0
1715 4.804918156595744 1.816758819120888 0
1716 4.897600649442584 1.842762122435843 0
1717 4.723909236277998 1.750000000004388 0
1718 2.905255481411599 1.300000527135803 0
1719 1.085522741058885 0.2505765583578904 0
1720 8.794228635405618 0.8999999740412818 0
1721 4.990389364450735 1.814876214552385 0
1722 8.967434017353472 0.6999983951830784 0
1723 9.05403630256987 0.7499997535490579 0
1724 8.967434341633496 0.5999966191847077 0
1725 1.606218443048511 0.8500010606135373 0
1726 6.34173468506944 1.911049569552953 0
1727 1.692820719929611 0.9000006383080983 0
1728 1.779422879986039 0.8500000287161491 0
1729 1.692820421581593 0.8000002002556714 0
1730 1.779422312553428 0.7500014900791948 0
1731 2.299402194935453 1.650691227028062 0
1732 2.212131411517653 1.702794052832239 0
1733 2.2093220329094 1.816729340161756 0
1734 2.125833024922276 1.750000000000104 0
1735 5.849742260291788 0.9000000015788625 0
1736 8.534421015515601 0.8500000010277499 0
1737 8.621023777906377 1.099999635029873 0
1738 0.8263686192909216 1.600301227427461 0
1739 2.385641227066007 1.100001017319191 0
1740 6.10954986893692 0.8500000215507303 0
1741 6.196152119187758 0.7999998481657024 0
1742 9.140637678964321 0.5999994723694051 0
1743 3.650000000005981 0.08660254037895525 0
1744 3.548370595381376 0.08583450174208099 0
1745 2.905255893001236 1.100000009413765 0
1746 9.313842652817584 0.9999989810272014 0
1747 6.849999999995211 1.913397459621445 0
1748 4.550704424076622 1.149999535688508 0
1749 4.29078212896357 0.5002191411943787 0
1750 8.794382042051147 0.3991760695304524 0
1751 4.550568815162315 0.08492766437980249 0
1752 4.650364392500689 0.08533943052774061 0
1753 7.321547906011706 1.552109169100125 0
1754 3.251666048964926 1.099999987536494 0
1755 6.655115987857809 1.912345520674663 0
1756 6.54716553724514 1.89731967946656 0
1757 3.511441931837542 1.55000553565914 0
1758 6.715845332103962 0.5000760403830947 0
1759 2.732050837155308 1.100000055462611 0
1760 9.57219948132105 1.250204566694678 0
1761 9.658318675579562 1.200078034904667 0
1762 7.348030436935186 1.911724567633703 0
1763 7.307780579345605 1.824363883898008 0
1764 7.396352685889525 1.831301164552348 0
1765 7.35923009814033 1.753458822808568 0
1766 7.451414298278643 1.914603951561303 0
1767 3.07836308096746 1.500045799989239 0
1768 2.559699356058016 1.703112946410945 0
1769 5.849846810964775 1.896032031226812 0
1770 5.958258246378493 1.907500706519578 0
1771 5.645350943398837 1.912452742400015 0
1772 8.96743371482094 0.2000000000108382 0
1773 9.052382060821831 0.1519976236149358 0
1774 8.648369371536896 1.916399998630934 0
1775 8.549630419435781 1.916236229029353 0
1776 6.545175677759872 0.3006362302431999 0
1777 8.53442100606507 0.650000247748337 0
1778 2.125761801740032 1.650506354205962 0
1779 2.039039791623519 1.699621572336883 0
1780 2.038106273103877 1.797748868269802 0
1781 1.952457611878151 1.749592656364666 0
1782 1.951501835280518 1.848003927771582 0
1783 1.866025403787414 1.800000000000105 0
1784 1.865984386214299 1.699903894290757 0
1785 1.95258730104046 1.649898991047175 0
1786 0.2512277798961388 1.914326173725331 0
1787 4.290898376524719 1.099996809566817 0
1788 7.668395591660738 0.6500034146235226 0
1789 5.845670996318731 0.2035346510951593 0
1790 5.758495120142986 0.1533312721487615 0
1791 5.847878435476948 0.09746049265362673 0
1792 3.771281447407427 1.100000383388403 0
1793 4.030932071818398 0.3503743251112033 0
1794 9.140414755189926 0.3004151395833901 0
1795 5.676590729078042 0.4001645876494762 0
1796 7.148760711729308 1.350008096406307 0
1797 5.356988168808773 1.911651768940837 0
1798 5.329992640247473 1.500040678083902 0
1799 8.188044235926389 0.3500932534081177 0
1800 1.86602537963606 0.9000003088748506 0
1801 1.173201390530322 0.6000062467977059 0
1802 6.542574964784361 0.5999960733027508 0
1803 3.251665901589622 1.199999841060035 0
1804 1.779418343384397 1.650359482523736 0
1805 9.227232818107193 1.149995152732451 0
1806 8.880882046104869 0.4497954518336591 0
1807 3.857348420463772 1.649971297340375 0
1808 9.290167917881741 1.833665809643353 0
1809 9.236787247587614 1.745887415696386 0
1810 5.549464304225105 1.912964644905044 0
1811 5.153015079796898 1.897253208090318 0
1812 8.447827164166723 1.099990411222671 0
1813 9.140638615947712 0.6999998823207711 0
1814 6.28275314439129 0.649994393055336 0
1815 2.991843158328541 0.3495897107545444 0
1816 7.148779624560207 0.7500014610906891 0
1817 6.715723694961724 1.500058119570536 0
1818 1.34643009942686 0.900030713566204 0
1819 9.139465898855057 0.2023885260134303 0
1820 4.204301910422453 1.14998628873736 0
1821 4.897115668063737 1.350001625869327 0
1822 7.581793287893897 0.6000116552777085 0
1823 5.675860321495151 0.2006931141985697 0
1824 5.070373080236491 1.550047064963034 0
1825 4.984017552947682 1.600537713434858 0
1826 3.858051185652549 1.350152810165587 0
1827 6.715767689766971 0.9000001315163357 0
1828 7.495189968471978 0.6500051422813267 0
1829 7.062177826495457 1.100000000029826 0
1830 8.534430516749023 1.149985433974737 0
1831 8.53447407221946 1.249910063099361 0
1832 8.44808425341934 1.299554754738665 0
1833 6.109567695192286 1.550124050557256 0
1834 4.643543309935128 1.899361633687408 0
1835 9.573359745975724 1.049922915565006 0
1836 4.464101557870338 0.9000001478552599 0
1837 4.550878330498698 1.549650364436817 0
1838 6.548167648794136 0.09671141430331291 0
1839 6.850000000012044 0.08660254037810217 0
1840 4.723899330292757 0.7500296604761654 0
1841 4.637298444310053 0.800019068659388 0
1842 4.98516615737956 1.702160443988085 0
1843 2.153100461806955 1.912289156039431 0
1844 7.408588012701548 1.099999576696449 0
1845 4.204670027764659 1.349384845651349 0
1846 7.581742406563173 0.3010711807676044 0
1847 1.866015412003068 0.4003998153188081 0
1848 5.241721193456484 1.749584917960921 0
1849 7.054383863882886 0.09934045685675376 0
1850 6.629165124604913 1.750000000006284 0
1851 3.85788469333411 0.6499978466548975 0
1852 3.771281998489592 0.6999976988131099 0
1853 6.542562584225447 1.100000000012209 0
1854 7.92824718156226 1.100041828818655 0
1855 7.754998149524719 0.9000000000076382 0
1856 3.338312073239726 0.6499055757831439 0
1857 3.251688609170266 0.6999526888968797 0
1858 6.109549163103587 0.7499997933607134 0
1859 3.455211520965009 1.912527320424064 0
1860 8.849433888346768 0.08713766783434085 0
1861 8.796195957030701 0.1836297669003066 0
1862 6.282754971502773 1.150000058908605 0
1863 6.196152422713603 1.200000000005427 0
1864 8.050000000007463 0.08660254037803802 0
1865 7.841633194204261 1.150031913536649 0
1866 2.94999999999406 1.913397459621823 0
1867 5.849740935986262 0.7000001075058226 0
1868 2.849999999994339 1.913397459621815 0
1869 2.125833088758109 1.150000060210993 0
1870 4.810519845640714 1.400003408850641 0
1871 2.039227267969313 0.8000212296887562 0
1872 4.983716857415243 0.9000000000032249 0
1873 1.519521729027547 0.4001362767546735 0
1874 5.936049234304711 0.4499235835084254 0
1875 6.022947427133525 1.200000568976721 0
1876 0.6537460710591847 1.600308822818837 0
1877 1.748880068076841 1.911930064455941 0
1878 9.573839999228168 0.3496415440129956 0
1879 6.108803003589224 0.3490241154705727 0
1880 5.763139843901283 1.249999829063369 0
1881 4.897114322159327 1.14999999156973 0
1882 3.248624999227217 1.903291070002513 0
1883 9.91439405041141 1.149957930793452 0
1884 9.829121467426639 1.200042032192818 0
1885 9.828359826770246 1.30042792819275 0
1886 4.81029145690888 0.5008631523250795 0
1887 4.810859105981645 0.40235059579147 0
1888 6.342825834153083 0.08755988025978972 0
1889 5.676652682608184 0.300534359036622 0
1890 2.81865338405769 1.150000122432886 0
1891 7.235381913176799 0.70000180443702 0
1892 9.227241067917571 0.949999751527332 0
1893 1.606217927289083 0.7500005368154518 0
1894 5.676983672649895 1.600209423539916 0
1895 3.649999999992014 1.91339745962181 0
1896 5.849480540782833 1.792118983361481 0
1897 3.857883832492436 0.8500000000012099 0
1898 5.763139743087767 1.149999968478455 0
1899 1.748910205808383 0.08809811066334228 0
1900 6.022947360253674 1.100000123238145 0
1901 4.377579531712355 1.349862353009283 0
1902 4.464195980721247 1.39983369301682 0
1903 6.629165252021041 0.7500001409226329 0
1904 9.313631878977134 0.3996534111318981 0
1905 7.755000458453871 0.5000170151219203 0
1906 2.818653130740607 1.350004554264387 0
1907 4.117689995423603 0.7000025518501841 0
1908 5.503332099691306 1.099999999995645 0
1909 7.061570936441502 1.600159524354243 0
1910 2.212443503484607 1.399998754581488 0
1911 5.763142417893868 1.349998334863469 0
1912 7.062168449574192 0.6000312177801381 0
1913 8.967446524415291 0.4999545927524941 0
1914 7.581793151223715 1.099999994226801 0
1915 4.291315744679926 1.399305103423409 0
1916 6.456096056279119 1.54984566685722 0
1917 3.857890281083012 1.150005493556146 0
1918 2.038658735473799 0.5008042224742411 0
1919 2.558849992214444 0.9000081375191789 0
1920 7.408596327995192 1.299961290259451 0
1921 4.117691441554962 0.90000002144076 0
1922 3.338266380328771 1.349996477240802 0
1923 9.913978551757106 1.350222736119969 0
1924 5.589934623368228 0.6500000289260086 0
1925 9.252647982283206 0.08834326554884081 0
1926 3.42487110021014 1.099999891590284 0
1927 6.282754701528891 0.7499991250074742 0
1928 3.338268590223384 0.8500000000054345 0
1929 1.259808966052744 1.450003858384183 0
1930 3.165063171753581 1.249999909408848 0
1931 2.818654829014083 0.8500037025951347 0
1932 1.433012701895344 1.450000000000479 0
1933 1.519621193159975 1.100009341342183 0
1934 8.274614133886836 0.9000004876652864 0
1935 2.472311899166062 1.45013697083871 0
1936 3.598087259667454 0.5999578685326277 0
1937 3.425778525701682 0.3975973030168947 0
1938 9.450000000002092 0.08660254037804523 0
1939 8.621023153099962 0.5999956456030862 0
1940 4.637509838520325 1.599593712966866 0
1941 3.078461016163289 0.8999999473975824 0
1942 8.274613455705385 0.7000001714727991 0
1943 7.148780366875347 1.150000000012815 0
1944 4.546222475992765 0.3597747042611076 0
1945 3.94448637286989 1.700000000002694 0
1946 3.252794367986891 0.2971995150957257 0
1947 9.657221853338278 1.300568186009637 0
1948 4.723906167862958 0.8500082471328151 0
1949 6.282755882950973 1.350000519701676 0
1950 5.154546363424342 0.1989718435782692 0
1951 8.188011064825167 0.7500003962958741 0
1952 8.101407873967565 0.7000025869949292 0
1953 6.629165137030168 1.149999978161779 0
1954 7.497854635778978 1.644461706396353 0
1955 1.779419709582053 0.6500076347308807 0
1956 2.556273544611606 0.4052083816306276 0
1957 4.984120526128915 0.4013504787011716 0
1958 9.313608246201406 1.299927880625108 0
1959 7.928156424327691 0.4000867833901781 0
1960 4.464400865701121 1.499433405725718 0
1961 3.771281427199116 0.799999536116845 0
1962 3.598076213789585 0.8999999890283232 0
1963 2.558865711525757 0.700313819925826 0
1964 8.620844910508698 0.3003094184153342 0
1965 8.707626093686644 0.2500000000102327 0
1966 6.369910717633482 1.600320342647014 0
1967 6.282754915035106 0.8499997939428643 0
1968 3.511473573045758 1.14999975939738 0
1969 4.722103001090256 0.4506711756183118 0
1970 8.014805591127976 0.7500018542404798 0
1971 6.196152932788895 1.300002289737175 0
1972 2.039230721236252 0.9000062230238699 0
1973 1.952627994748898 1.149999957565482 0
1974 4.377474839039292 0.6500479228465684 0
1975 5.416700848546986 0.4500579530106668 0
1976 4.290856171380475 0.6000775321743641 0
1977 2.645453480104869 0.8500116805735072 0
1978 2.645447207650868 0.7501289828488501 0
1979 9.547629249931184 0.08822900048492993 0
1980 4.550710041645358 1.249989899403578 0
1981 7.062175675811 0.7000091786049537 0
1982 4.810514425959104 1.299999634670779 0
1983 4.204293973691861 0.8500000352235668 0
1984 4.637316042597077 1.29998527765976 0
1985 3.164161212469245 1.649582410936013 0
1986 5.503332072134009 1.199999896322013 0
1987 8.880838348462873 0.5499685843812367 0
1988 1.346415849682081 0.8000093797373161 0
1989 8.621023750152323 0.6999972664404848 0
1990 7.495190707657753 1.149998544594042 0
1991 4.637304779254203 0.9000046421672074 0
1992 6.975561050674064 1.35000476014168 0
1993 9.573651497468747 0.2500000000099027 0
1994 0.394621677769811 1.550431641661263 0
1995 4.983717536164306 0.7000031111279008 0
1996 9.659245460865515 1.099880363911069 0
1997 3.251670075229971 0.7999915665399548 0
1998 1.432983467359495 0.4500456635528987 0
1999 8.101538194994792 1.100104183471838 0
2000 1.346410369088766 1.400000799862096 0
2001 6.37179240868779 1.701838594356138 0
2002 9.227241209822255 1.049999831485699 0
2003 8.621023622230204 0.7999992612237229 0
2004 9.400446416380557 0.7500000079083741 0
2005 2.299055157035134 0.8500723764761782 0
2006 8.707627607037576 1.149997404022335 0
2007 7.062177826495653 1.200000000026012 0
2008 0.7399364071656644 1.650501732013058 0
2009 7.49519631946246 1.24997862698469 0
2010 9.400445412805109 0.6499989053153415 0
2011 3.078462004968403 0.7999989242447063 0
2012 5.763136987979339 0.6500006811071631 0
2013 1.433003363276143 0.5500144400611298 0
2014 8.188280649663875 1.150168388837944 0
2015 6.802370206538983 1.149999998035065 0
2016 4.204293291899739 0.7500012408717425 0
2017 6.109550269291748 1.250002198914519 0
2018 9.742774355032116 1.749153212502559 0
2019 3.598076288973435 0.7999995959738074 0
2020 4.723912350167354 1.249996220272096 0
2021 3.598076726631412 1.300001754547849 0
2022 7.581797900878402 1.299984367746058 0
2023 6.196031385753023 0.3997880605341633 0
2024 7.928201949506208 0.7000031289662998 0
2025 4.89899774015539 0.3554246982560892 0
2026 2.818674700151218 0.5503197728126159 0
2027 2.732054192358308 0.8000084268771854 0
2028 6.802370175013742 1.249999886429316 0
2029 8.794228700297939 0.7999994733524335 0
2030 4.550702308328285 0.8500043687328724 0
2031 0.7401923788686241 1.750000000000199 0
2032 1.95246467036085 0.3507835331675038 0
2033 0.6478543429362813 1.080493813988825 0
2034 9.054035946228165 0.6499987653983232 0
2035 7.062163427885181 1.30000634706838 0
2036 7.581851110151925 1.399847255206822 0
2037 9.746856578225135 0.5500000000101385 0
2038 0.3103228891362551 1.600832821736703 0
2039 8.794757786408507 0.2968940396599943 0
2040 5.936271123456131 1.5497399265801 0
2041 3.68468508475357 1.350015156972385 0
2042 5.416728468376897 1.249999255527282 0
2043 1.259820385071792 0.8500208981897246 0
2044 8.621039431556298 1.199973191655486 0
2045 6.379732230049165 1.813040525926655 0
2046 5.503327143097928 1.399991705456053 0
2047 8.014998040310923 1.150174388348792 0
2048 5.41666186665676 1.450000383887435 0
2049 7.668431903970824 1.449889986509217 0
2050 6.975575354826096 0.7500052341310621 0
2051 7.841596814804999 0.4500111667631468 0
2052 7.92847850547772 1.300268030361985 0
2053 0.2256365826508292 1.649873936486112 0
2054 3.338267890130498 1.249998890928644 0
2055 7.841642820285569 1.45001807483642 0
2056 7.928369926427007 1.200160697273611 0
2057 4.550690319788809 0.750029592553606 0
2058 3.857942955350278 0.350006547075617 0
2059 3.165071136808186 0.749985594576383 0
2060 1.86601708463758 0.7000209831262219 0
2061 6.022947989307124 1.300004570053793 0
2062 7.841667590501493 1.350054816183278 0
2063 9.313783476198553 1.199984368964683 0
2064 2.645456469795195 1.350017910292306 0
2065 3.6846790556021 0.7499986909980658 0
2066 6.888973104602565 0.8000025661425304 0
2067 4.550599837407864 0.6502016029053141 0
2068 1.173222132453755 0.8000279921109735 0
2069 5.243517857118655 0.5500100524370997 0
2070 6.888970003223235 1.300000248145608 0
2071 5.590263794815731 1.650234647366558 0
2072 5.936345010344756 1.35000102575786 0
2073 4.463981684893662 0.6002374876976663 0
2074 9.913539570486856 1.55005697073141 0
2075 1.866024478400477 0.8000027696838855 0
2076 8.621090854497789 1.299882948476727 0
2077 2.732044140893596 0.7001326891628828 0
2078 8.621409346496527 1.39927186829993 0
2079 6.802370396062372 0.8500010617018663 0
2080 3.338268410781158 1.149999684862421 0
2081 1.259799671590367 0.5500125897994975 0
2082 9.487048556004684 0.7999995331087546 0
2083 1.952626729823559 0.8500059360213063 0
2084 5.58993464006384 1.750000000004931 0
2085 1.346825830404488 0.1989046143143844 0
2086 2.731989743840855 0.6004512076181627 0
2087 5.503332110093524 0.8000001223827404 0
2088 2.12583614172648 0.8500109042977591 0
2089 7.754961883782476 1.499908717242574 0
2090 6.802298214328425 1.550121564648852 0
2091 3.165175181175094 0.5497717175010842 0
2092 2.472266754202507 1.350043207447771 0
2093 2.212441839594286 0.9000291062756688 0
2094 3.684681382500178 0.6499892025408831 0
2095 3.165106472697897 0.6499179886399666 0
2096 6.889011951611157 1.600324406806947 0
2097 5.676536599239144 0.7000006532464429 0
2098 9.573651066285846 0.7499993272270543 0
2099 6.022869315569325 1.599936888680104 0
2100 2.472249867376268 1.250011398944426 0
2101 5.936331138554737 1.44995656665091 0
2102 5.416729471710818 0.7500005239401393 0
2103 8.794248075942113 1.399963219388888 0
2104 7.841298814823237 1.649484110160631 0
2105 6.975498260757053 1.650470990984168 0
2106 7.754767132001501 1.599981215457287 0
2107 9.227162424574921 1.249956488737079 0
2108 6.888970796343127 1.399997421844264 0
2109 9.14058451087543 1.299942094882641 0
2110 3.684688399582082 0.5499586308109814 0
2111 5.070319546113323 0.7500006781345443 0
2112 5.589934552989575 0.750000255722286 0
2113 4.204287264111376 0.6500121202240751 0
2114 6.802349360342861 1.450027245573744 0
2115 1.086599374727708 0.5500054835518911 0
2116 5.416644808353213 0.3501281046016079 0
2117 9.14060216594927 1.3996491322405 0
2118 3.684737543247428 0.4496707928289861 0
2119 8.794239598779384 1.499054104774769 0
2120 9.660251253712634 0.7999964380747492 0
2121 5.243524470258509 0.8500000185329051 0
2122 6.021239567146506 1.701671048786067 0
2123 3.771381510531621 0.3999099821968473 0
2124 9.054041109038582 1.449470641700335 0
2125 4.204242087325978 0.5500941122943095 0
2126 5.41672955931053 0.2500000000045831 0
2127 5.156921988429406 0.8000002942223823 0
2128 8.967208628393475 1.499041776472711 0
2129 4.117645412541738 0.5000835861218492 0
2130 2.905273625884948 0.6000397541664203 0
2131 5.330126945016275 0.8000002199074695 0
2132 4.117513811649015 0.4003307251774277 0
2133 2.03923315724068 1.400001857798982 0
2134 9.827323675510343 1.500344256912044 0
2135 6.975575286118545 1.750000000006475 0
2136 9.746856578224724 0.7500000000095778 0
2137 1.866023812627533 1.399995350345108 0
2138 2.904467192387071 0.2973148178241364 0
2139 1.692812279039166 1.399985542483725 0
2140 1.692818142595697 1.29999598412519 0
2141 8.880401143253355 1.548090150485954 0
2142 9.827795568826057 1.400543252949081 0
2143 2.90539428230761 0.5001794467894056 0
2144 3.944469981305771 0.4000837792211159 0
2145 2.905042360230729 0.3996307443197882 0
2146 1.606217056668603 1.249998672150593 0
2147 6.014909855924881 1.812806460333577 0
2148 1.519619720996918 1.200006982363909 0
2149 1.002820794992876 1.202130487187754 0
2150 1.259829518406158 1.35003515432785 0
2151 1.001446306393093 1.300652629504929 0
2152 8.879768742790445 1.645479703452871 0
2153 3.944461141448914 0.3000961043137977 0
2154 3.944542765744 0.1992750907595451 0
2155 1.1734319307864 1.300242128281161 0
2156 2.124966019775676 0.4521261819903458 0
2157 2.039085532296772 0.3009998613612028 0
2158 7.244266405046472 0.09356100846948701 0
2159 8.193242718073186 1.644020658601485 0
2160 7.320764546007806 1.662857711093622 0
2161 2.03828364179473 0.4014141098136528 0
2162 9.744569124639849 1.149640312210898 0
2163 9.742272233548988 1.350807973473579 0
2164 9.656229875627886 1.400750362862367 0
2165 9.569388596400863 1.550142131678523 0
2166 9.398683783522484 1.548709705362314 0
2167 9.398825693664463 1.645465541620516 0
2168 4.716892765834737 0.3439558596863447 0
2169 9.743310530217258 1.250260744497391 0
2170 9.830127124722559 1.000000000006301 0
2171 9.830127036555854 0.900000000006973 0
2172 9.830127021943268 0.8000000000065692 0
2173 9.830127019439969 0.7000000000065376 0
2174 9.830127019004303 0.6000000000070942 0
2175 9.830127018936313 0.5000000000069671 0
2176 9.830484267548719 0.3998993446509476 0
2177 9.831685594325105 0.2992072769790858 0
2178 9.834906681306938 0.1965769140168006 0
2179 9.57031269447981 1.450348739752234 0
2180 9.829982113080995 1.099943382982868 0
2181 8.5019113054373 1.831316998079558 0
2182 8.403376673963374 1.827831599179411 0
2183 9.230200990813675 1.643786695952396 0
2184 7.928412784007435 1.697032506638342 0
2185 8.013193984400379 1.645327490568285 0
2186 2.211408585818603 0.404507807432932 0
2187 9.052629148779594 1.74870534168417 0
2188 0.9194553132050566 1.15408715958934 0
2189 0.1534093944158409 1.080640938515874 0
2190 0.09385434397738726 1.844093389860286 0
2191 4.549909611452688 0.2574190675416121 0
2192 2.730582941608434 0.3006882712537218 0
2193 3.510833383458878 0.2437679342469874 0
2194 9.842006533933766 0.08851290980741414 0
2195 2.30559472695231 0.1544408708062774 0
2196 2.728898373994396 1.813107671495005 0
2197 6.052912252647952 0.08505044758448917 0
2198 2.449999999998713 0.07933123848947651 0
2199 0.6916006819564703 1.156819327240739 0
2200 2.29768174920823 0.454801034289911 0
2201 2.384609625973185 0.5038983003556252 0
2202 0.558232749368939 1.251238247433834 0
2203 8.598515959525868 1.836969838319916 0
2204 4.949102771391214 1.915763081863689 0
2205 8.625891984029295 1.692463361778554 0
2206 4.473472882891295 1.787725524621192 0
2207 2.468319701823454 0.3594355747435167 0
2208 4.447064869662263 1.924375657197974 0
2209 2.309237575792983 1.848761827937875 0
2210 4.349536895076806 1.919634779781005 0
2211 0.1999999999998683 1.838053117003383 0
2212 8.880898951806277 1.740868260457405 0
2213 2.816714681290295 0.2506631786103198 0
2214 4.846478637740051 1.916412496637613 0
2215 4.194477590373258 0.1547473359982406 0
2216 7.492310004278466 0.1479537787476102 0
2217 8.691852357298433 1.83258895434464 0
2218 9.386332524962663 1.830769294938282 0
2219 0.3987100633733422 1.841713839749684 0
2220 1.59993313119655 0.1639958207034838 0
2221 1.599879017249773 1.83535531792007 0
2222 7.486270654028187 1.824538537294047 0
2223 4.886942364572763 0.1754897634057769 0
2224 6.79979889791006 0.1625095051279233 0
2225 6.800290778384821 1.839623339001037 0
2226 9.400079770017001 0.1603493763295259 0
2227 8.095320408268297 1.68905149883918 0
2228 8.700257941960642 0.1633132320214374 0
2229 0.3906073617709144 1.259259470943541 0
2230 2.998098256285891 1.838178916556152 0
2231 2.999208822328636 0.163221101523849 0
2232 2.557850928509917 0.3081152891044759 0
2233 6.104272250344229 1.839753306828776 0
2234 5.596122507670573 1.838808413699451 0
2235 5.596526732168902 0.1629134039394997 0
2236 3.505468699481971 1.83911237779741 0
2237 8.195933034057399 0.1643019194714165 0
2238 6.154342549748884 0.08418521407692649 0
2239 1.094187534087005 1.836448259402229 0
2240 0.9061371423155918 1.837424761540834 0
2241 8.00640971710993 0.163867081836334 0
2242 3.693333859735011 1.835995534619555 0
2243 3.692749724547932 0.1629595057590496 0
2244 8.033345683480583 1.925747974080014 0
2245 5.407065156599012 0.1643159612683928 0
2246 5.40914443624283 1.83746738762607 0
2247 6.290520454070082 0.160496318880184 0
2248 6.289946546811661 1.838882862442556 0
2249 4.817997882773236 0.3095135837241836 0
2250 8.170304962858967 1.552138311310982 0
2251 2.810892679732962 1.836194376592537 0
2252 8.890623248281015 0.1631453860392524 0
2253 1.789456767976257 1.836049809198826 0
2254 1.789971017439011 0.1650554589985577 0
2255 7.418078204151241 1.690225125053003 0
2256 4.376595821749416 0.2609974585222966 0
2257 4.012331536546333 1.651828586188483 0
2258 7.22231907489074 1.797647209819565 0
2259 9.31622310066062 1.685717004163374 0
2260 0.1573445441414457 1.400932708700783 0
2261 4.713032626886313 1.834921910098309 0
2262 6.985858847825672 0.1665101472392455 0
2263 6.98756152211388 1.835257086967268 0
2264 7.352438403969153 0.07386895609827518 0
2265 2.115576752839928 1.83538040050476 0
2266 9.582490756812932 0.165310046295512 0
2267 8.45581070959655 1.580253503022131 0
2268 9.214540316621322 0.164639269212722 0
2269 6.617059769965376 1.833633515508553 0
2270 5.083368540633835 1.833396414129949 0
2271 6.650000000012777 0.06811364011488227 0
2272 5.05000000001445 0.06804292642105547 0
2273 2.727242236755822 0.1983380372049329 0
2274 9.582813050387434 1.834606471003752 0
2275 3.149999999993467 1.932576968941901 0
2276 8.167757904487653 1.736599028462564 0
2277 5.753691816080696 0.06938458634438825 0
2278 5.920868673870348 0.1665492842939869 0
2279 5.921516587098196 1.831086407128937 0
2280 5.777728478092605 1.831900533713964 0
2281 0.1532948466151898 1.698597296993936 0
2282 0.1546687191934047 1.599436840688606 0
2283 0.1559636395718353 1.499041266618291 0
2284 1.249999999998943 1.933012701891977 0
2285 9.747541656508876 1.932091372613492 0
2286 1.25141368424181 0.06685527014853151 0
2287 7.848772989985861 1.933187958397801 0
2288 3.850752017554588 1.932477032049998 0
2289 3.850000000007181 0.06687384938142642 0
2290 0.2322184674814024 1.352229144903732 0
2291 0.225965225819161 1.25753262029367 0
2292 5.25000000001565 0.06680644126149751 0
2293 3.321118907276498 1.834383689377977 0
2294 9.050517619293631 0.0676395012157137 0
2295 9.749476501944342 0.06644671483583348 0
2296 1.949999999996412 0.06668968696887709 0
2297 1.950193600131037 1.932769007604791 0
2298 7.149271147107122 1.932080175243071 0
2299 8.354750235402367 0.0677622309951144 0
2300 2.13715205650987 0.07136215229102547 0
2301 0.7301442841523426 1.832596189431914 0
2302 7.649999999996447 1.933847850586333 0
2303 5.226108242737486 1.832588128731564 0
2304 6.475210492530391 0.1651130859918775 0
2305 6.473968011886821 1.832169117205627 0
2306 2.647680719779222 0.06784582249307911 0
2307 4.017830107151457 1.837272414031801 0
2308 7.140865702339878 0.1641756498527022 0
2309 4.559117393385465 1.833277257982228 0
2310 3.155596006855215 0.06794330754755114 0
2311 8.544301159994964 0.06820098995794255 0
2312 8.285403925983958 1.481310246550375 0
2313 3.504323469677598 0.157701557054653 0
2314 0.5828508376901922 1.836270719188902 0
2315 1.443663108353794 1.931380124064596 0
2316 1.443958256230516 0.06895825622969357 0
2317 7.661770989208866 0.06995552809506687 0
2318 4.037320289555704 0.07066600910902027 0
2319 2.463962636404119 1.930295134000978 0
2320 3.350000000004153 0.06277007463528776 0
2321 4.133999170481086 1.580939159461792 0
2322 4.300051423050064 1.675747677242653 0
2323 7.84828932546787 0.06436380450989092 0
2324 0.9291061602366475 1.072151013156534 0
2325 9.926794919242861 1.926794919242771 0
2326 1.073205080756706 0.073205080756758 0
2327 0.07320508075682192 1.926794919243157 0
2328 0.07320508075692829 1.073205080756817 0
2329 2.649232155032117 1.93851020408295 0
2330 9.92730407354485 0.07269592645538575 0
2331 8.174726122901037 1.927673093336046 0
2332 2.394049392409205 0.1393064011718005 0
2333 8.63464869190269 1.769116037442656 0
2334 0.648230830225951 1.222703042542515 0
2335 8.96138048307453 1.76965231226227 0
2336 4.621144535341175 0.3268127389466459 0
2337 0.1497198370330134 1.775379813630071 0
2338 0.4654555220673963 1.230685953177996 0
2339 9.149999999998846 1.772910332325935 0
2340 4.829195260705959 0.2354064318888222 0
2341 7.429183101489893 1.764317697433348 0
2342 7.403149106563918 0.1307681698834561 0
2343 7.284447454447833 1.749602662844459 0
2344 9.324218866912402 1.762022351046062 0
2345 2.32594256414433 1.930871819002841 0
2346 0.1531597982952602 1.229373396075757 0
2347 0.7708379580208159 1.154179117059061 0
2348 4.454686353604061 0.2314133466015849 0
2349 2.275402086730839 0.06839369368181319 0
2350 4.48679291744431 1.861402991258006 0
2351 4.176001020969068 0.06943865809740526 0
2352 7.525128433919344 0.06514033204208762 0
$EndNodes
$Elements
4702
1 1 2 2 1 1 7
2 1 2 2 1 7 8
3 1 2 2 1 8 9
4 1 2 2 1 9 10
5 1 2 2 1 10 11
6 1 2 2 1 11 12
7 1 2 2 1 12 13
8 1 2 2 1 13 14
9 1 2 2 1 14 15
10 1 2 2 1 15 16
11 1 2 2 1 16 17
12 1 2 2 1 17 18
13 1 2 2 1 18 19
14 1 2 2 1 19 20
15 1 2 2 1 20 21
16 1 2 2 1 21 22
17 1 2 2 1 22 23
18 1 2 2 1 23 24
19 1 2 2 1 24 25
20 1 2 2 1 25 26
21 1 2 2 1 26 27
22 1 2 2 1 27 28
23 1 2 2 1 28 29
24 1 2 2 1 29 30
25 1 2 2 1 30 31
26 1 2 2 1 31 32
27 1 2 2 1 32 33
28 1 2 2 1 33 34
29 1 2 2 1 34 35
30 1 2 2 1 35 36
31 1 2 2 1 36 37
32 1 2 2 1 37 38
33 1 2 2 1 38 39
34 1 2 2 1 39 40
35 1 2 2 1 40 41
36 1 2 2 1 41 42
37 1 2 2 1 42 43
38 1 2 2 1 43 44
39 1 2 2 1 44 45
40 1 2 2 1 45 46
41 1 2 2 1 46 47
42 1 2 2 1 47 48
43 1 2 2 1 48 49
44 1 2 2 1 49 50
45 1 2 2 1 50 51
46 1 2 2 1 51 52
47 1 2 2 1 52 53
48 1 2 2 1 53 54
49 1 2 2 1 54 55
50 1 2 2 1 55 56
51 1 2 2 1 56 57
52 1 2 2 1 57 58
53 1 2 2 1 58 59
54 1 2 2 1 59 60
55 1 2 2 1 60 61
56 1 2 2 1 61 62
57 1 2 2 1 62 63
58 1 2 2 1 63 64
59 1 2 2 1 64 65
60 1 2 2 1 65 66
61 1 2 2 1 66 67
62 1 2 2 1 67 68
63 1 2 2 1 68 69
64 1 2 2 1 69 70
65 1 2 2 1 70 71
66 1 2 2 1 71 72
67 1 2 2 1 72 73
68 1 2 2 1 73 74
69 1 2 2 1 74 75
70 1 2 2 1 75 76
71 1 2 2 1 76 77
72 1 2 2 1 77 78
73 1 2 2 1 78 79
74 1 2 2 1 79 80
75 1 2 2 1 80 81
76 1 2 2 1 81 82
77 1 2 2 1 82 83
78 1 2 2 1 83 84
79 1 2 2 1 84 85
80 1 2 2 1 85 86
81 1 2 2 1 86 87
82 1 2 2 1 87 88
83 1 2 2 1 88 89
84 1 2 2 1 89 90
85 1 2 2 1 90 91
86 1 2 2 1 91 92
87 1 2 2 1 92 93
88 1 2 2 1 93 94
89 1 2 2 1 94 95
90 1 2 2 1 95 96
91 1 2 2 1 96 97
92 1 2 2 1 97 98
93 1 2 2 1 98 99
94 1 2 2 1 99 100
95 1 2 2 1 100 101
96 1 2 2 1 101 102
97 1 2 2 1 102 103
98 1 2 2 1 103 104
99 1 2 2 1 104 105
100 1 2 2 1 105 2
101 1 2 3 2 2 106
102 1 2 3 2 106 107
103 1 2 3 2 107 108
104 1 2 3 2 108 109
105 1 2 3 2 109 110
106 1 2 3 2 110 111
107 1 2 3 2 111 112
108 1 2 3 2 112 113
109 1 2 3 2 113 114
110 1 2 3 2 114 115
111 1 2 3 2 115 116
112 1 2 3 2 116 117
113 1 2 3 2 117 118
114 1 2 3 2 118 119
115 1 2 3 2 119 120
116 1 2 3 2 120 121
117 1 2 3 2 121 122
118 1 2 3 2 122 123
119 1 2 3 2 123 124
120 1 2 3 2 124 3
121 1 2 2 3 3 125
122 1 2 2 3 125 126
123 1 2 2 3 126 127
124 1 2 2 3 127 128
125 1 2 2 3 128 129
126 1 2 2 3 129 130
127 1 2 2 3 130 131
128 1 2 2 3 131 132
129 1 2 2 3 132 133
130 1 2 2 3 133 134
131 1 2 2 3 134 135
132 1 2 2 3 135 136
133 1 2 2 3 136 137
134 1 2 2 3 137 138
135 1 2 2 3 138 139
136 1 2 2 3 139 140
137 1 2 2 3 140 141
138 1 2 2 3 141 142
139 1 2 2 3 142 143
140 1 2 2 3 143 144
141 1 2 2 3 144 145
142 1 2 2 3 145 146
143 1 2 2 3 146 147
144 1 2 2 3 147 148
145 1 2 2 3 148 149
146 1 2 2 3 149 150
147 1 2 2 3 150 151
148 1 2 2 3 151 152
149 1 2 2 3 152 153
150 1 2 2 3 153 154
151 1 2 2 3 154 155
152 1 2 2 3 155 156
153 1 2 2 3 156 157
154 1 2 2 3 157 158
155 1 2 2 3 158 159
156 1 2 2 3 159 160
157 1 2 2 3 160 161
158 1 2 2 3 161 162
159 1 2 2 3 162 163
160 1 2 2 3 163 164
161 1 2 2 3 164 165
162 1 2 2 3 165 166
163 1 2 2 3 166 167
164 1 2 2 3 167 168
165 1 2 2 3 168 169
166 1 2 2 3 169 170
167 1 2 2 3 170 171
168 1 2 2 3 171 172
169 1 2 2 3 172 173
170 1 2 2 3 173 174
171 1 2 2 3 174 175
172 1 2 2 3 175 176
173 1 2 2 3 176 177
174 1 2 2 3 177 178
175 1 2 2 3 178 179
176 1 2 2 3 179 180
177 1 2 2 3 180 181
178 1 2 2 3 181 182
179 1 2 2 3 182 183
180 1 2 2 3 183 184
181 1 2 2 3 184 185
182 1 2 2 3 185 186
183 1 2 2 3 186 187
184 1 2 2 3 187 188
185 1 2 2 3 188 189
186 1 2 2 3 189 190
187 1 2 2 3 190 191
188 1 2 2 3 191 192
189 1 2 2 3 192 193
190 1 2 2 3 193 194
191 1 2 2 3 194 195
192 1 2 2 3 195 196
193 1 2 2 3 196 197
194 1 2 2 3 197 198
195 1 2 2 3 198 199
196 1 2 2 3 199 200
197 1 2 2 3 200 201
198 1 2 2 3 201 202
199 1 2 2 3 202 203
200 1 2 2 3 203 204
201 1 2 2 3 204 205
202 1 2 2 3 205 206
203 1 2 2 3 206 207
204 1 2 2 3 207 208
205 1 2 2 3 208 209
206 1 2 2 3 209 210
207 1 2 2 3 210 211
208 1 2 2 3 211 212
209 1 2 2 3 212 213
210 1 2 2 3 213 4
211 1 2 2 4 4 214
212 1 2 2 4 214 215
213 1 2 2 4 215 216
214 1 2 2 4 216 217
215 1 2 2 4 217 218
216 1 2 2 4 218 219
217 1 2 2 4 219 220
218 1 2 2 4 220 221
219 1 2 2 4 221 222
220 1 2 2 4 222 5
221 1 2 2 5 5 223
222 1 2 2 5 223 224
223 1 2 2 5 224 225
224 1 2 2 5 225 226
225 1 2 2 5 226 227
226 1 2 2 5 227 228
227 1 2 2 5 228 229
228 1 2 2 5 229 230
229 1 2 2 5 230 231
230 1 2 2 5 231 6
231 1 2 1 6 6 232
232 1 2 1 6 232 233
233 1 2 1 6 233 234
234 1 2 1 6 234 235
235 1 2 1 6 235 236
236 1 2 1 6 236 237
237 1 2 1 6 237 238
238 1 2 1 6 238 239
239 1 2 1 6 239 240
240 1 2 1 6 240 1
241 2 2 4 8 1536 246 1888
242 2 2 4 8 1726 674 2045
243 2 2 4 8 669 1411 1412
244 2 2 4 8 1339 750 1797
245 2 2 4 8 274 208 1431
246 2 2 4 8 1057 1313 1694
247 2 2 4 8 22 272 1432
248 2 2 4 8 1638 2158 2308
249 2 2 4 8 246 1536 2304
250 2 2 4 8 2045 674 2305
251 2 2 4 8 1575 688 1576
252 2 2 4 8 515 1361 1433
253 2 2 4 8 750 1339 2303
254 2 2 4 8 1345 625 1593
255 2 2 4 8 703 137 1658
256 2 2 4 8 194 670 1430
257 2 2 4 8 1329 746 1859
258 2 2 4 8 2158 751 2308
259 2 2 4 8 669 1410 1411
260 2 2 4 8 256 1330 1771
261 2 2 4 8 1770 678 2147
262 2 2 4 8 1363 679 1428
263 2 2 4 8 247 1331 2197
264 2 2 4 8 1523 289 1554
265 2 2 4 8 625 1345 2301
266 2 2 4 8 2192 2213 2273
267 2 2 4 8 258 1359 1755
268 2 2 4 8 1576 688 2271
269 2 2 4 8 957 1404 1405
270 2 2 4 8 250 1346 1349
271 2 2 4 8 1588 275 1925
272 2 2 4 8 1938 1308 1979
273 2 2 4 8 142 687 1660
274 2 2 4 8 686 1733 1843
275 2 2 4 8 515 1433 2272
276 2 2 4 8 746 1329 2293
277 2 2 4 8 1454 245 1839
278 2 2 4 8 680 1350 1747
279 2 2 4 8 255 1721 2204
280 2 2 4 8 264 1354 1710
281 2 2 4 8 274 1585 1899
282 2 2 4 8 643 1352 1786
283 2 2 4 8 1705 272 1877
284 2 2 4 8 1351 262 1606
285 2 2 4 8 1866 1227 1868
286 2 2 4 8 253 1355 1567
287 2 2 4 8 1347 280 1810
288 2 2 4 8 1790 773 1823
289 2 2 4 8 1358 251 1895
290 2 2 4 8 1231 1743 1744
291 2 2 4 8 1356 687 1864
292 2 2 4 8 1348 286 1566
293 2 2 4 8 1861 1965 2039
294 2 2 4 8 1330 256 2280
295 2 2 4 8 1237 1686 2138
296 2 2 4 8 1770 2147 2279
297 2 2 4 8 1331 247 2278
298 2 2 4 8 1715 932 2214
299 2 2 4 8 1056 1290 1699
300 2 2 4 8 1477 1078 2229
301 2 2 4 8 1401 2178 2194
302 2 2 4 8 1340 759 2238
303 2 2 4 8 1365 243 1418
304 2 2 4 8 1710 1354 1711
305 2 2 4 8 1386 544 1409
306 2 2 4 8 253 170 1424
307 2 2 4 8 1523 1554 2274
308 2 2 4 8 1428 679 2302
309 2 2 4 8 1390 799 1391
310 2 2 4 8 1221 1056 1699
311 2 2 4 8 1226 1552 2196
312 2 2 4 8 1366 774 1368
313 2 2 4 8 263 1370 1408
314 2 2 4 8 1267 1861 2039
315 2 2 4 8 1542 1185 1546
316 2 2 4 8 1346 250 2275
317 2 2 4 8 1721 255 2270
318 2 2 4 8 957 1405 1406
319 2 2 4 8 1605 1351 1606
320 2 2 4 8 274 1431 2220
321 2 2 4 8 1694 1313 2219
322 2 2 4 8 1432 272 2221
323 2 2 4 8 2138 1686 2213
324 2 2 4 8 1755 1359 2269
325 2 2 4 8 2213 1685 2273
326 2 2 4 8 1786 1352 2211
327 2 2 4 8 1238 1057 1694
328 2 2 4 8 208 209 1431
329 2 2 4 8 21 22 1432
330 2 2 4 8 241 1772 1773
331 2 2 4 8 2159 817 2227
332 2 2 4 8 953 1427 2232
333 2 2 4 8 1588 1925 2268
334 2 2 4 8 137 138 1658
335 2 2 4 8 723 1782 1783
336 2 2 4 8 797 1372 1374
337 2 2 4 8 193 194 1430
338 2 2 4 8 703 1658 2228
339 2 2 4 8 1979 1308 2266
340 2 2 4 8 1407 571 2250
341 2 2 4 8 1369 1544 1945
342 2 2 4 8 773 1790 2277
343 2 2 4 8 571 1407 2312
344 2 2 4 8 1843 1733 2265
345 2 2 4 8 1430 670 2231
346 2 2 4 8 668 1421 1423
347 2 2 4 8 245 1454 2262
348 2 2 4 8 1350 680 2263
349 2 2 4 8 932 1715 2261
350 2 2 4 8 141 142 1660
351 2 2 4 8 212 213 1459
352 2 2 4 8 104 105 1528
353 2 2 4 8 680 76 1414
354 2 2 4 8 248 1374 1375
355 2 2 4 8 268 1780 1782
356 2 2 4 8 1427 1411 2232
357 2 2 4 8 505 1400 1401
358 2 2 4 8 1546 1185 2322
359 2 2 4 8 1899 1585 2254
360 2 2 4 8 1705 1877 2253
361 2 2 4 8 170 171 1424
362 2 2 4 8 1360 259 2258
363 2 2 4 8 796 1773 1819
364 2 2 4 8 1409 544 2284
365 2 2 4 8 1153 1154 2193
366 2 2 4 8 1078 1477 2291
367 2 2 4 8 1868 1227 2251
368 2 2 4 8 1404 957 2267
369 2 2 4 8 779 1403 1404
370 2 2 4 8 759 1340 2247
371 2 2 4 8 1660 687 2237
372 2 2 4 8 1441 950 1768
373 2 2 4 8 1402 278 1950
374 2 2 4 8 1355 253 2245
375 2 2 4 8 280 1347 2246
376 2 2 4 8 267 1412 2273
377 2 2 4 8 799 1390 2287
378 2 2 4 8 1333 1340 2238
379 2 2 4 8 1437 948 1937
380 2 2 4 8 76 77 1414
381 2 2 4 8 1421 668 2320
382 2 2 4 8 1743 1231 2243
383 2 2 4 8 1358 1895 2242
384 2 2 4 8 1368 774 2288
385 2 2 4 8 263 1408 2289
386 2 2 4 8 671 1408 2154
387 2 2 4 8 1552 1441 2196
388 2 2 4 8 1356 1864 2241
389 2 2 4 8 1834 1475 2309
390 2 2 4 8 1388 260 1390
391 2 2 4 8 1231 1744 2313
392 2 2 4 8 1849 1337 2308
393 2 2 4 8 1545 1662 2257
394 2 2 4 8 1412 267 2306
395 2 2 4 8 1469 1477 2229
396 2 2 4 8 286 1348 2240
397 2 2 4 8 1348 1566 2239
398 2 2 4 8 1401 2194 2295
399 2 2 4 8 45 46 1415
400 2 2 4 8 1391 799 1392
401 2 2 4 8 1525 577 1620
402 2 2 4 8 504 1458 2085
403 2 2 4 8 1409 281 1553
404 2 2 4 8 165 166 1791
405 2 2 4 8 1662 1545 2321
406 2 2 4 8 687 1356 2237
407 2 2 4 8 251 1358 2236
408 2 2 4 8 1654 242 1655
409 2 2 4 8 1395 87 2331
410 2 2 4 8 1716 1715 2214
411 2 2 4 8 55 2204 2214
412 2 2 4 8 50 2208 2210
413 2 2 4 8 163 2197 2238
414 2 2 4 8 1459 213 2326
415 2 2 4 8 1528 105 2325
416 2 2 4 8 87 1395 2244
417 2 2 4 8 1567 1355 2235
418 2 2 4 8 1347 1810 2234
419 2 2 4 8 2159 2227 2276
420 2 2 4 8 262 1351 2217
421 2 2 4 8 248 1375 1376
422 2 2 4 8 46 252 1415
423 2 2 4 8 1439 249 1440
424 2 2 4 8 2178 1090 2194
425 2 2 4 8 1227 1866 2230
426 2 2 4 8 1422 948 1437
427 2 2 4 8 689 1387 1418
428 2 2 4 8 265 1420 1421
429 2 2 4 8 1418 243 2323
430 2 2 4 8 1721 1716 2204
431 2 2 4 8 1585 274 2220
432 2 2 4 8 272 1705 2221
433 2 2 4 8 1352 643 2219
434 2 2 4 8 1577 1838 2304
435 2 2 4 8 1756 1319 2305
436 2 2 4 8 265 1419 1420
437 2 2 4 8 1311 1346 1882
438 2 2 4 8 242 1654 1656
439 2 2 4 8 1336 1811 2303
440 2 2 4 8 241 1773 2294
441 2 2 4 8 1396 261 1397
442 2 2 4 8 1354 264 2215
443 2 2 4 8 1558 1559 2168
444 2 2 4 8 1426 504 2085
445 2 2 4 8 281 1425 1553
446 2 2 4 8 1365 1418 1464
447 2 2 4 8 1403 779 1407
448 2 2 4 8 253 1424 2245
449 2 2 4 8 1331 1333 2197
450 2 2 4 8 1544 1369 2307
451 2 2 4 8 782 1710 1711
452 2 2 4 8 1733 686 2209
453 2 2 4 8 1387 689 1416
454 2 2 4 8 260 1388 1428
455 2 2 4 8 1429 671 2154
456 2 2 4 8 1965 1861 2228
457 2 2 4 8 1782 723 2297
458 2 2 4 8 797 1374 2296
459 2 2 4 8 1440 798 2196
460 2 2 4 8 1334 1568 2301
461 2 2 4 8 1079 1809 2183
462 2 2 4 8 278 1433 1950
463 2 2 4 8 1437 1153 2193
464 2 2 4 8 1686 1237 2231
465 2 2 4 8 1577 1576 1838
466 2 2 4 8 950 1441 1552
467 2 2 4 8 1454 1839 2224
468 2 2 4 8 1747 1350 2225
469 2 2 4 8 1638 1635 2158
470 2 2 4 8 254 1834 2309
471 2 2 4 8 1438 249 1439
472 2 2 4 8 1439 1441 1768
473 2 2 4 8 948 1422 1946
474 2 2 4 8 1311 1882 2293
475 2 2 4 8 751 1849 2308
476 2 2 4 8 259 1360 2298
477 2 2 4 8 1412 1411 1427
478 2 2 4 8 798 1440 2329
479 2 2 4 8 817 2159 2250
480 2 2 4 8 1153 1437 1937
481 2 2 4 8 1222 1478 2189
482 2 2 4 8 1678 1343 2188
483 2 2 4 8 1418 1387 1464
484 2 2 4 8 1769 1896 2280
485 2 2 4 8 247 165 1791
486 2 2 4 8 1308 1938 2226
487 2 2 4 8 1185 1542 1547
488 2 2 4 8 1896 1769 2279
489 2 2 4 8 1699 1290 2233
490 2 2 4 8 782 1711 1712
491 2 2 4 8 1427 2192 2273
492 2 2 4 8 261 1396 2331
493 2 2 4 8 275 1588 2226
494 2 2 4 8 259 1763 2258
495 2 2 4 8 577 1525 2274
496 2 2 4 8 2204 1716 2214
497 2 2 4 8 688 1575 2224
498 2 2 4 8 1359 258 2225
499 2 2 4 8 2197 1333 2238
500 2 2 4 8 2208 1547 2210
501 2 2 4 8 1361 515 2223
502 2 2 4 8 1686 1685 2213
503 2 2 4 8 816 2184 2185
504 2 2 4 8 1811 1336 2270
505 2 2 4 8 2168 1559 2336
506 2 2 4 8 1374 248 2296
507 2 2 4 8 268 1782 2297
508 2 2 4 8 1319 1756 2269
509 2 2 4 8 1543 938 1545
510 2 2 4 8 2190 1223 2211
511 2 2 4 8 1422 1420 1946
512 2 2 4 8 679 1363 2222
513 2 2 4 8 505 1401 2295
514 2 2 4 8 89 90 1443
515 2 2 4 8 1838 246 2304
516 2 2 4 8 674 1756 2305
517 2 2 4 8 796 1819 2268
518 2 2 4 8 779 1404 2267
519 2 2 4 8 1352 1353 2211
520 2 2 4 8 2200 700 2201
521 2 2 4 8 1400 505 2266
522 2 2 4 8 1811 750 2303
523 2 2 4 8 1780 268 2265
524 2 2 4 8 2260 1595 2283
525 2 2 4 8 1809 1079 2339
526 2 2 4 8 1226 2196 2251
527 2 2 4 8 1773 796 2294
528 2 2 4 8 289 1523 2218
529 2 2 4 8 1337 1849 2262
530 2 2 4 8 1154 1231 2193
531 2 2 4 8 1475 1834 2261
532 2 2 4 8 250 1349 2230
533 2 2 4 8 2147 678 2233
534 2 2 4 8 1372 797 2254
535 2 2 4 8 723 1783 2253
536 2 2 4 8 1823 773 2235
537 2 2 4 8 1771 1330 2234
538 2 2 4 8 1410 669 2198
539 2 2 4 8 1772 241 2252
540 2 2 4 8 1329 1859 2236
541 2 2 4 8 1478 1222 2346
542 2 2 4 8 938 1543 1546
543 2 2 4 8 1536 1888 2247
544 2 2 4 8 1726 2045 2248
545 2 2 4 8 544 1386 2239
546 2 2 4 8 1345 1593 2240
547 2 2 4 8 1339 1797 2246
548 2 2 4 8 243 1365 2241
549 2 2 4 8 774 1366 2242
550 2 2 4 8 1370 263 2243
551 2 2 4 8 2160 1130 2343
552 2 2 4 8 1391 1392 1393
553 2 2 4 8 1791 166 2277
554 2 2 4 8 1343 1678 2347
555 2 2 4 8 680 1414 2263
556 2 2 4 8 1376 1375 1377
557 2 2 4 8 1439 1440 1441
558 2 2 4 8 1765 2160 2343
559 2 2 4 8 1421 1420 1422
560 2 2 4 8 1396 1397 1398
561 2 2 4 8 1568 1334 2314
562 2 2 4 8 278 1402 2292
563 2 2 4 8 261 89 1443
564 2 2 4 8 90 677 1443
565 2 2 4 8 1712 1560 1751
566 2 2 4 8 782 1712 1751
567 2 2 4 8 1214 1363 1428
568 2 2 4 8 1388 1214 1428
569 2 2 4 8 2157 2032 2161
570 2 2 4 8 1568 625 2301
571 2 2 4 8 1397 261 1443
572 2 2 4 8 1526 2166 2167
573 2 2 4 8 2166 856 2167
574 2 2 4 8 2190 2211 2337
575 2 2 4 8 1408 671 2289
576 2 2 4 8 1396 1395 2331
577 2 2 4 8 1351 1605 2212
578 2 2 4 8 1390 260 2287
579 2 2 4 8 1882 746 2293
580 2 2 4 8 1945 1544 2257
581 2 2 4 8 2184 1393 2185
582 2 2 4 8 1406 1405 2181
583 2 2 4 8 1541 1542 1546
584 2 2 4 8 1543 1541 1546
585 2 2 4 8 1393 1392 1394
586 2 2 4 8 677 2181 2182
587 2 2 4 8 1376 1377 1378
588 2 2 4 8 1421 1422 1423
589 2 2 4 8 1398 1397 1399
590 2 2 4 8 669 1412 2306
591 2 2 4 8 1620 577 2285
592 2 2 4 8 281 1409 2284
593 2 2 4 8 1458 504 2286
594 2 2 4 8 256 1769 2280
595 2 2 4 8 1381 2157 2161
596 2 2 4 8 1228 2260 2283
597 2 2 4 8 1443 677 2182
598 2 2 4 8 1394 1392 1395
599 2 2 4 8 1947 807 2164
600 2 2 4 8 2163 1947 2164
601 2 2 4 8 1378 1377 1379
602 2 2 4 8 1376 1378 1413
603 2 2 4 8 1423 1422 1437
604 2 2 4 8 1769 1770 2279
605 2 2 4 8 1398 1399 1403
606 2 2 4 8 2165 1521 2179
607 2 2 4 8 2163 1885 2169
608 2 2 4 8 2162 1761 2169
609 2 2 4 8 957 1406 2205
610 2 2 4 8 1436 2200 2201
611 2 2 4 8 1634 2216 2342
612 2 2 4 8 1394 1395 1396
613 2 2 4 8 1379 1377 1381
614 2 2 4 8 1378 1379 1380
615 2 2 4 8 1403 1399 1404
616 2 2 4 8 1380 1379 1382
617 2 2 4 8 1404 1399 1405
618 2 2 4 8 1380 1382 1383
619 2 2 4 8 1383 1382 1436
620 2 2 4 8 1380 1383 1384
621 2 2 4 8 1384 1383 1385
622 2 2 4 8 1384 1385 1410
623 2 2 4 8 1410 1385 1411
624 2 2 4 8 1089 1457 1459
625 2 2 4 8 1457 1089 1719
626 2 2 4 8 290 476 1487
627 2 2 4 8 476 1494 2155
628 2 2 4 8 486 1444 1456
629 2 2 4 8 217 218 1455
630 2 2 4 8 1444 486 1455
631 2 2 4 8 1062 1329 1452
632 2 2 4 8 1456 1457 1719
633 2 2 4 8 486 217 1455
634 2 2 4 8 1562 792 2069
635 2 2 4 8 218 219 2115
636 2 2 4 8 990 1320 1453
637 2 2 4 8 1448 1245 1562
638 2 2 4 8 1245 1448 1975
639 2 2 4 8 997 1449 1471
640 2 2 4 8 1446 1062 1452
641 2 2 4 8 1455 218 2115
642 2 2 4 8 1933 1492 2148
643 2 2 4 8 1242 1446 1452
644 2 2 4 8 1446 1242 1471
645 2 2 4 8 822 1488 2041
646 2 2 4 8 1450 1093 1485
647 2 2 4 8 607 822 1466
648 2 2 4 8 1448 1562 2069
649 2 2 4 8 1466 822 2041
650 2 2 4 8 1449 997 1466
651 2 2 4 8 1460 912 1462
652 2 2 4 8 997 607 1466
653 2 2 4 8 1239 1240 1456
654 2 2 4 8 1246 1365 1464
655 2 2 4 8 475 1447 1492
656 2 2 4 8 1497 1472 1802
657 2 2 4 8 999 1905 2051
658 2 2 4 8 1472 1497 1903
659 2 2 4 8 990 1453 1485
660 2 2 4 8 1447 475 1486
661 2 2 4 8 1497 1697 1903
662 2 2 4 8 1243 1450 1485
663 2 2 4 8 1487 476 2155
664 2 2 4 8 1244 1453 1454
665 2 2 4 8 1444 1239 1456
666 2 2 4 8 475 290 1487
667 2 2 4 8 1643 1646 2137
668 2 2 4 8 1462 912 1463
669 2 2 4 8 998 997 1471
670 2 2 4 8 1453 1320 1454
671 2 2 4 8 1530 1642 2133
672 2 2 4 8 1905 1259 2051
673 2 2 4 8 229 869 1476
674 2 2 4 8 1246 1464 1465
675 2 2 4 8 1465 999 2051
676 2 2 4 8 1077 999 1465
677 2 2 4 8 562 558 1463
678 2 2 4 8 914 1451 1758
679 2 2 4 8 1451 914 1472
680 2 2 4 8 1476 869 1477
681 2 2 4 8 1472 914 1802
682 2 2 4 8 1494 1184 2155
683 2 2 4 8 486 1456 1719
684 2 2 4 8 1093 1450 1647
685 2 2 4 8 1242 998 1471
686 2 2 4 8 942 1474 1717
687 2 2 4 8 942 761 1940
688 2 2 4 8 1665 836 1788
689 2 2 4 8 1474 1475 1717
690 2 2 4 8 1453 1243 1485
691 2 2 4 8 1474 942 1940
692 2 2 4 8 1451 1647 1758
693 2 2 4 8 1464 1077 1465
694 2 2 4 8 912 562 1463
695 2 2 4 8 1284 1529 1910
696 2 2 4 8 1456 1240 1457
697 2 2 4 8 1469 1476 1477
698 2 2 4 8 1126 1284 1499
699 2 2 4 8 1529 895 1910
700 2 2 4 8 1326 1095 2126
701 2 2 4 8 1126 1499 1500
702 2 2 4 8 1499 1284 1910
703 2 2 4 8 1471 1449 1757
704 2 2 4 8 1095 1245 2116
705 2 2 4 8 227 228 292
706 2 2 4 8 1110 1227 1505
707 2 2 4 8 1126 1500 1578
708 2 2 4 8 792 912 2069
709 2 2 4 8 1995 1122 2111
710 2 2 4 8 1446 1471 1757
711 2 2 4 8 1620 1527 2018
712 2 2 4 8 1492 1447 2148
713 2 2 4 8 1494 2149 2151
714 2 2 4 8 1647 1450 1758
715 2 2 4 8 1801 1250 2081
716 2 2 4 8 1027 1538 1548
717 2 2 4 8 1577 1537 1776
718 2 2 4 8 1665 1259 1905
719 2 2 4 8 1248 1902 1960
720 2 2 4 8 1538 1279 1548
721 2 2 4 8 1095 2116 2126
722 2 2 4 8 317 692 2005
723 2 2 4 8 227 292 1467
724 2 2 4 8 107 108 1511
725 2 2 4 8 1611 1615 2064
726 2 2 4 8 1488 822 1826
727 2 2 4 8 1642 899 2133
728 2 2 4 8 1134 1878 1993
729 2 2 4 8 1590 1184 2151
730 2 2 4 8 692 694 1489
731 2 2 4 8 1510 1488 1826
732 2 2 4 8 1463 558 1995
733 2 2 4 8 1495 1112 1697
734 2 2 4 8 1646 903 2137
735 2 2 4 8 1171 1094 1647
736 2 2 4 8 1497 1495 1697
737 2 2 4 8 1598 1599 2068
738 2 2 4 8 1473 279 1598
739 2 2 4 8 836 1665 1905
740 2 2 4 8 1169 1507 2042
741 2 2 4 8 694 699 1489
742 2 2 4 8 108 728 1511
743 2 2 4 8 1111 1482 1506
744 2 2 4 8 1525 1620 2018
745 2 2 4 8 279 1473 1801
746 2 2 4 8 699 1483 1489
747 2 2 4 8 692 1489 2005
748 2 2 4 8 1483 699 1501
749 2 2 4 8 1100 1504 1594
750 2 2 4 8 1479 1009 1968
751 2 2 4 8 1827 419 2079
752 2 2 4 8 912 1460 2069
753 2 2 4 8 592 764 2023
754 2 2 4 8 1537 954 1776
755 2 2 4 8 771 1100 1594
756 2 2 4 8 1245 1975 2116
757 2 2 4 8 1527 1512 2018
758 2 2 4 8 1111 1110 1505
759 2 2 4 8 1098 1248 1837
760 2 2 4 8 1248 1503 1902
761 2 2 4 8 761 1098 1940
762 2 2 4 8 228 229 1476
763 2 2 4 8 1837 1248 1960
764 2 2 4 8 1706 1783 1784
765 2 2 4 8 1112 1495 1496
766 2 2 4 8 1511 1512 1527
767 2 2 4 8 1625 1510 1826
768 2 2 4 8 1098 1837 1940
769 2 2 4 8 1706 1784 1804
770 2 2 4 8 878 990 1485
771 2 2 4 8 1503 1152 1902
772 2 2 4 8 1093 878 1485
773 2 2 4 8 116 748 1491
774 2 2 4 8 1263 1665 1788
775 2 2 4 8 1482 1111 1505
776 2 2 4 8 1252 1501 1502
777 2 2 4 8 777 1506 1985
778 2 2 4 8 1488 1249 2041
779 2 2 4 8 1614 1613 1906
780 2 2 4 8 1535 954 1537
781 2 2 4 8 1481 690 1827
782 2 2 4 8 1249 1009 2021
783 2 2 4 8 1201 1793 2132
784 2 2 4 8 1106 1510 1625
785 2 2 4 8 1001 1645 1707
786 2 2 4 8 1628 1788 1822
787 2 2 4 8 954 1535 1597
788 2 2 4 8 106 107 1088
789 2 2 4 8 1022 1021 2024
790 2 2 4 8 1613 831 1906
791 2 2 4 8 1697 690 1903
792 2 2 4 8 1417 1636 1846
793 2 2 4 8 1507 913 2042
794 2 2 4 8 1263 1022 1664
795 2 2 4 8 1467 292 1468
796 2 2 4 8 1534 764 1597
797 2 2 4 8 1112 1496 1591
798 2 2 4 8 1878 1194 1993
799 2 2 4 8 1263 1664 1665
800 2 2 4 8 1644 305 1707
801 2 2 4 8 1065 981 1533
802 2 2 4 8 1615 1007 2064
803 2 2 4 8 219 279 2115
804 2 2 4 8 307 1972 2083
805 2 2 4 8 1645 1644 1707
806 2 2 4 8 2058 1230 2123
807 2 2 4 8 764 1534 2023
808 2 2 4 8 1114 1614 1718
809 2 2 4 8 1308 1134 1993
810 2 2 4 8 94 95 1606
811 2 2 4 8 1477 869 1478
812 2 2 4 8 1249 2021 2041
813 2 2 4 8 168 169 1567
814 2 2 4 8 1473 1598 2068
815 2 2 4 8 690 1481 1903
816 2 2 4 8 1094 1093 1647
817 2 2 4 8 981 977 1533
818 2 2 4 8 1720 1564 2029
819 2 2 4 8 1510 1106 1917
820 2 2 4 8 1506 1482 1985
821 2 2 4 8 1501 700 1502
822 2 2 4 8 773 168 1567
823 2 2 4 8 1784 901 1804
824 2 2 4 8 1445 1801 2081
825 2 2 4 8 560 931 2073
826 2 2 4 8 1120 1578 1739
827 2 2 4 8 203 204 248
828 2 2 4 8 1682 1116 1867
829 2 2 4 8 1659 1357 1661
830 2 2 4 8 472 477 1723
831 2 2 4 8 1451 1171 1647
832 2 2 4 8 169 170 253
833 2 2 4 8 1614 1114 1890
834 2 2 4 8 1169 1574 1609
835 2 2 4 8 476 1493 1494
836 2 2 4 8 699 700 1501
837 2 2 4 8 871 1027 2091
838 2 2 4 8 471 1580 1582
839 2 2 4 8 766 1498 1690
840 2 2 4 8 1252 1251 1501
841 2 2 4 8 1114 1745 1890
842 2 2 4 8 476 287 1493
843 2 2 4 8 1718 1614 1906
844 2 2 4 8 1628 1264 1788
845 2 2 4 8 1480 1479 1968
846 2 2 4 8 1681 1116 1682
847 2 2 4 8 1788 836 1822
848 2 2 4 8 1926 1480 1968
849 2 2 4 8 1627 1264 1628
850 2 2 4 8 1636 994 1846
851 2 2 4 8 1246 1465 1959
852 2 2 4 8 1251 1483 1501
853 2 2 4 8 306 305 1973
854 2 2 4 8 1463 1995 2111
855 2 2 4 8 1574 1169 2042
856 2 2 4 8 1088 107 1511
857 2 2 4 8 763 2040 2101
858 2 2 4 8 1535 1534 1597
859 2 2 4 8 1649 1651 1653
860 2 2 4 8 471 1582 1583
861 2 2 4 8 408 411 1591
862 2 2 4 8 1457 1240 1458
863 2 2 4 8 1009 1479 2021
864 2 2 4 8 610 1604 1605
865 2 2 4 8 1511 728 1512
866 2 2 4 8 1178 1974 1976
867 2 2 4 8 1654 1652 1656
868 2 2 4 8 976 973 1531
869 2 2 4 8 291 475 1492
870 2 2 4 8 294 291 1492
871 2 2 4 8 1498 766 1879
872 2 2 4 8 1240 1210 2085
873 2 2 4 8 315 317 2005
874 2 2 4 8 1664 1022 2024
875 2 2 4 8 1490 474 1722
876 2 2 4 8 262 94 1606
877 2 2 4 8 1106 1569 1917
878 2 2 4 8 1508 1003 2013
879 2 2 4 8 672 1578 2100
880 2 2 4 8 570 566 1639
881 2 2 4 8 610 1603 1604
882 2 2 4 8 282 5 940
883 2 2 4 8 305 1644 1973
884 2 2 4 8 1974 931 1976
885 2 2 4 8 1481 1827 2079
886 2 2 4 8 200 201 277
887 2 2 4 8 1009 345 1968
888 2 2 4 8 1539 512 1541
889 2 2 4 8 1541 512 1542
890 2 2 4 8 1653 1659 1661
891 2 2 4 8 1926 339 2080
892 2 2 4 8 1010 1729 1730
893 2 2 4 8 1724 1722 2034
894 2 2 4 8 1549 920 1550
895 2 2 4 8 1574 1571 1609
896 2 2 4 8 1152 1503 1980
897 2 2 4 8 610 96 1603
898 2 2 4 8 282 940 1493
899 2 2 4 8 485 122 1509
900 2 2 4 8 1901 821 1902
901 2 2 4 8 473 470 1583
902 2 2 4 8 1120 1126 1578
903 2 2 4 8 1116 1681 1735
904 2 2 4 8 966 1184 1590
905 2 2 4 8 1649 1650 1651
906 2 2 4 8 1681 395 1735
907 2 2 4 8 1627 437 1677
908 2 2 4 8 1550 920 1845
909 2 2 4 8 765 827 1597
910 2 2 4 8 1704 1706 1804
911 2 2 4 8 1649 1653 1661
912 2 2 4 8 1425 1213 1553
913 2 2 4 8 1633 994 1636
914 2 2 4 8 1235 1139 1889
915 2 2 4 8 1001 915 2146
916 2 2 4 8 1901 1550 1915
917 2 2 4 8 252 47 1539
918 2 2 4 8 1734 1779 1780
919 2 2 4 8 1582 1805 2002
920 2 2 4 8 1805 1015 2002
921 2 2 4 8 1003 534 2013
922 2 2 4 8 1594 1317 2071
923 2 2 4 8 1264 1627 1677
924 2 2 4 8 901 1784 1785
925 2 2 4 8 1651 1652 1654
926 2 2 4 8 172 173 278
927 2 2 4 8 976 1531 1532
928 2 2 4 8 1504 1100 2048
929 2 2 4 8 474 1490 1564
930 2 2 4 8 1952 1258 1970
931 2 2 4 8 905 1704 1804
932 2 2 4 8 1486 475 1487
933 2 2 4 8 1027 1548 2091
934 2 2 4 8 289 101 1554
935 2 2 4 8 96 97 1603
936 2 2 4 8 973 972 1531
937 2 2 4 8 1751 1560 1752
938 2 2 4 8 956 862 1964
939 2 2 4 8 1616 570 1639
940 2 2 4 8 1637 1631 1691
941 2 2 4 8 47 48 1539
942 2 2 4 8 821 1901 1915
943 2 2 4 8 756 1619 2078
944 2 2 4 8 1734 1778 1779
945 2 2 4 8 936 1194 1878
946 2 2 4 8 470 471 1583
947 2 2 4 8 383 1570 1571
948 2 2 4 8 1513 2074 2134
949 2 2 4 8 1745 327 1890
950 2 2 4 8 252 1539 1540
951 2 2 4 8 1484 2088 2093
952 2 2 4 8 411 1112 1591
953 2 2 4 8 777 637 1767
954 2 2 4 8 95 610 1606
955 2 2 4 8 994 1633 1637
956 2 2 4 8 383 1571 1572
957 2 2 4 8 566 564 1639
958 2 2 4 8 653 1637 1691
959 2 2 4 8 1061 1348 1586
960 2 2 4 8 1506 777 1767
961 2 2 4 8 273 119 1624
962 2 2 4 8 915 1933 2148
963 2 2 4 8 474 472 1723
964 2 2 4 8 664 666 1650
965 2 2 4 8 1100 2046 2048
966 2 2 4 8 1010 1730 1955
967 2 2 4 8 1578 672 1739
968 2 2 4 8 1798 1504 2048
969 2 2 4 8 123 124 1090
970 2 2 4 8 1750 1018 1806
971 2 2 4 8 2088 311 2093
972 2 2 4 8 1565 1702 1953
973 2 2 4 8 123 1090 1509
974 2 2 4 8 118 273 1551
975 2 2 4 8 916 1561 2003
976 2 2 4 8 943 1587 1589
977 2 2 4 8 437 438 1677
978 2 2 4 8 977 976 1533
979 2 2 4 8 2146 915 2148
980 2 2 4 8 1580 471 1672
981 2 2 4 8 1061 1586 1689
982 2 2 4 8 407 408 1591
983 2 2 4 8 48 512 1539
984 2 2 4 8 1553 1213 1592
985 2 2 4 8 1690 1498 1874
986 2 2 4 8 100 289 1596
987 2 2 4 8 1564 1490 2029
988 2 2 4 8 1317 1347 2084
989 2 2 4 8 461 916 2003
990 2 2 4 8 766 592 2023
991 2 2 4 8 558 550 1995
992 2 2 4 8 1555 266 1556
993 2 2 4 8 473 1583 1892
994 2 2 4 8 976 1532 1533
995 2 2 4 8 666 956 1650
996 2 2 4 8 920 1549 1820
997 2 2 4 8 1265 1709 1816
998 2 2 4 8 1902 821 1960
999 2 2 4 8 827 954 1597
1000 2 2 4 8 198 199 669
1001 2 2 4 8 387 384 1572
1002 2 2 4 8 949 772 1688
1003 2 2 4 8 287 282 1493
1004 2 2 4 8 950 1552 1687
1005 2 2 4 8 1668 917 1881
1006 2 2 4 8 169 253 1567
1007 2 2 4 8 1723 477 1813
1008 2 2 4 8 1265 425 1709
1009 2 2 4 8 1633 1631 1637
1010 2 2 4 8 971 970 972
1011 2 2 4 8 1073 1343 1344
1012 2 2 4 8 384 383 1572
1013 2 2 4 8 1021 1970 2024
1014 2 2 4 8 121 485 1623
1015 2 2 4 8 1999 1618 2014
1016 2 2 4 8 383 380 1570
1017 2 2 4 8 764 765 1597
1018 2 2 4 8 1667 1668 1881
1019 2 2 4 8 328 327 1745
1020 2 2 4 8 1165 2052 2056
1021 2 2 4 8 1823 1235 1889
1022 2 2 4 8 1529 1530 2133
1023 2 2 4 8 1607 450 1934
1024 2 2 4 8 270 919 1599
1025 2 2 4 8 1266 1267 2039
1026 2 2 4 8 1661 1357 1799
1027 2 2 4 8 285 12 1568
1028 2 2 4 8 543 1563 1873
1029 2 2 4 8 176 266 1555
1030 2 2 4 8 1194 1195 1400
1031 2 2 4 8 352 351 1569
1032 2 2 4 8 585 1690 1874
1033 2 2 4 8 1109 640 1687
1034 2 2 4 8 2026 785 2086
1035 2 2 4 8 1702 417 1953
1036 2 2 4 8 1618 1639 2014
1037 2 2 4 8 1133 1587 1904
1038 2 2 4 8 861 792 1562
1039 2 2 4 8 1725 1729 1893
1040 2 2 4 8 17 544 1566
1041 2 2 4 8 1587 943 1904
1042 2 2 4 8 1572 1571 1574
1043 2 2 4 8 677 91 1775
1044 2 2 4 8 637 631 1767
1045 2 2 4 8 468 466 1672
1046 2 2 4 8 1458 1240 2085
1047 2 2 4 8 46 47 252
1048 2 2 4 8 1187 1163 1191
1049 2 2 4 8 1266 1750 1806
1050 2 2 4 8 116 117 748
1051 2 2 4 8 1400 1195 1401
1052 2 2 4 8 1122 546 1872
1053 2 2 4 8 1310 949 1688
1054 2 2 4 8 943 1589 1794
1055 2 2 4 8 1111 1506 1622
1056 2 2 4 8 905 1703 1704
1057 2 2 4 8 543 537 1563
1058 2 2 4 8 445 446 1692
1059 2 2 4 8 294 1492 1933
1060 2 2 4 8 478 473 1892
1061 2 2 4 8 649 653 1691
1062 2 2 4 8 1180 927 1669
1063 2 2 4 8 969 971 1738
1064 2 2 4 8 881 606 1807
1065 2 2 4 8 1684 1685 1686
1066 2 2 4 8 923 1169 1609
1067 2 2 4 8 1734 1732 1778
1068 2 2 4 8 625 14 1593
1069 2 2 4 8 309 1640 1869
1070 2 2 4 8 1108 1152 1980
1071 2 2 4 8 1729 1010 1893
1072 2 2 4 8 1124 1607 1934
1073 2 2 4 8 1803 1676 1930
1074 2 2 4 8 1457 1458 1459
1075 2 2 4 8 357 597 1820
1076 2 2 4 8 1115 1627 1628
1077 2 2 4 8 174 175 515
1078 2 2 4 8 794 2117 2124
1079 2 2 4 8 434 437 1626
1080 2 2 4 8 1619 1276 2078
1081 2 2 4 8 288 293 1683
1082 2 2 4 8 1512 728 1513
1083 2 2 4 8 1729 1728 1730
1084 2 2 4 8 1073 1282 1343
1085 2 2 4 8 1569 351 1917
1086 2 2 4 8 1679 395 1681
1087 2 2 4 8 603 600 1625
1088 2 2 4 8 1670 1669 2010
1089 2 2 4 8 572 570 1616
1090 2 2 4 8 1115 1628 1828
1091 2 2 4 8 927 754 1669
1092 2 2 4 8 380 378 1570
1093 2 2 4 8 222 270 1599
1094 2 2 4 8 1449 1092 1757
1095 2 2 4 8 407 1591 1967
1096 2 2 4 8 971 974 1738
1097 2 2 4 8 2071 1317 2084
1098 2 2 4 8 969 970 971
1099 2 2 4 8 1642 1643 2137
1100 2 2 4 8 1732 893 1778
1101 2 2 4 8 890 893 1731
1102 2 2 4 8 2111 1701 2127
1103 2 2 4 8 543 1998 2013
1104 2 2 4 8 1673 1258 1952
1105 2 2 4 8 1653 1651 1654
1106 2 2 4 8 1147 1856 1857
1107 2 2 4 8 1176 1139 1235
1108 2 2 4 8 1781 1779 1785
1109 2 2 4 8 1784 1781 1785
1110 2 2 4 8 229 230 869
1111 2 2 4 8 1013 1803 1930
1112 2 2 4 8 1613 1611 2064
1113 2 2 4 8 1632 1635 1638
1114 2 2 4 8 972 1008 1073
1115 2 2 4 8 604 881 1662
1116 2 2 4 8 590 766 1690
1117 2 2 4 8 48 49 512
1118 2 2 4 8 1731 893 1732
1119 2 2 4 8 767 795 1629
1120 2 2 4 8 425 426 1709
1121 2 2 4 8 271 1600 1601
1122 2 2 4 8 670 1684 1686
1123 2 2 4 8 1998 1508 2013
1124 2 2 4 8 236 480 1595
1125 2 2 4 8 1835 806 1996
1126 2 2 4 8 1817 2090 2114
1127 2 2 4 8 935 927 1180
1128 2 2 4 8 1701 1122 1872
1129 2 2 4 8 1550 1845 1915
1130 2 2 4 8 1741 1012 1858
1131 2 2 4 8 310 309 1869
1132 2 2 4 8 967 966 1590
1133 2 2 4 8 719 1025 1621
1134 2 2 4 8 748 117 1551
1135 2 2 4 8 1629 795 1630
1136 2 2 4 8 936 1193 1194
1137 2 2 4 8 1652 956 1964
1138 2 2 4 8 515 175 1555
1139 2 2 4 8 1250 1003 2081
1140 2 2 4 8 600 598 1625
1141 2 2 4 8 1972 1871 2083
1142 2 2 4 8 1793 752 2132
1143 2 2 4 8 1180 1669 1670
1144 2 2 4 8 1552 1109 1687
1145 2 2 4 8 969 967 970
1146 2 2 4 8 1560 1557 1752
1147 2 2 4 8 1608 1607 1951
1148 2 2 4 8 1727 1728 1729
1149 2 2 4 8 189 668 1744
1150 2 2 4 8 1082 1224 1585
1151 2 2 4 8 1657 1964 1965
1152 2 2 4 8 1021 445 1692
1153 2 2 4 8 634 855 1622
1154 2 2 4 8 395 396 1735
1155 2 2 4 8 17 18 544
1156 2 2 4 8 1626 437 1627
1157 2 2 4 8 471 468 1672
1158 2 2 4 8 602 604 1662
1159 2 2 4 8 387 1572 1573
1160 2 2 4 8 1024 1584 1911
1161 2 2 4 8 905 906 1703
1162 2 2 4 8 958 959 1592
1163 2 2 4 8 685 1875 1900
1164 2 2 4 8 355 352 1569
1165 2 2 4 8 1521 1515 1522
1166 2 2 4 8 972 1073 1531
1167 2 2 4 8 983 981 1065
1168 2 2 4 8 959 962 1592
1169 2 2 4 8 1338 1630 1638
1170 2 2 4 8 1740 1741 1858
1171 2 2 4 8 102 577 1554
1172 2 2 4 8 1139 840 1795
1173 2 2 4 8 584 590 1690
1174 2 2 4 8 886 989 1082
1175 2 2 4 8 1021 1692 1970
1176 2 2 4 8 100 101 289
1177 2 2 4 8 1794 1589 1819
1178 2 2 4 8 754 509 1669
1179 2 2 4 8 462 464 1720
1180 2 2 4 8 1677 438 1855
1181 2 2 4 8 808 1648 1649
1182 2 2 4 8 1587 1307 1588
1183 2 2 4 8 433 434 1626
1184 2 2 4 8 806 496 1760
1185 2 2 4 8 1557 266 1752
1186 2 2 4 8 487 482 488
1187 2 2 4 8 101 102 1554
1188 2 2 4 8 121 122 485
1189 2 2 4 8 923 1609 1663
1190 2 2 4 8 1141 1851 1852
1191 2 2 4 8 1601 1808 1809
1192 2 2 4 8 633 630 1718
1193 2 2 4 8 735 739 1856
1194 2 2 4 8 530 736 1579
1195 2 2 4 8 574 925 1671
1196 2 2 4 8 808 662 1648
1197 2 2 4 8 1265 1816 1981
1198 2 2 4 8 404 407 1695
1199 2 2 4 8 1184 1494 2151
1200 2 2 4 8 1722 1723 2034
1201 2 2 4 8 1118 518 1663
1202 2 2 4 8 81 679 1766
1203 2 2 4 8 97 271 1603
1204 2 2 4 8 360 358 1787
1205 2 2 4 8 640 641 1687
1206 2 2 4 8 283 282 287
1207 2 2 4 8 1357 1080 1799
1208 2 2 4 8 392 395 1679
1209 2 2 4 8 1648 664 1650
1210 2 2 4 8 1095 1075 1245
1211 2 2 4 8 1980 1503 1984
1212 2 2 4 8 1628 1822 1828
1213 2 2 4 8 604 605 606
1214 2 2 4 8 1084 1244 1575
1215 2 2 4 8 1068 998 1190
1216 2 2 4 8 886 1102 1563
1217 2 2 4 8 99 1596 1600
1218 2 2 4 8 1220 1732 1733
1219 2 2 4 8 1650 956 1651
1220 2 2 4 8 1480 1926 2080
1221 2 2 4 8 1992 845 2035
1222 2 2 4 8 271 1601 1602
1223 2 2 4 8 321 672 1610
1224 2 2 4 8 772 639 1688
1225 2 2 4 8 1199 1794 1819
1226 2 2 4 8 1076 1075 1095
1227 2 2 4 8 1580 1581 1582
1228 2 2 4 8 606 607 884
1229 2 2 4 8 962 1204 1592
1230 2 2 4 8 534 533 535
1231 2 2 4 8 283 288 1683
1232 2 2 4 8 630 628 1718
1233 2 2 4 8 707 709 1851
1234 2 2 4 8 1580 1302 1581
1235 2 2 4 8 532 533 534
1236 2 2 4 8 491 488 492
1237 2 2 4 8 731 926 1832
1238 2 2 4 8 1630 1632 1638
1239 2 2 4 8 670 195 1684
1240 2 2 4 8 13 625 1568
1241 2 2 4 8 1082 989 1224
1242 2 2 4 8 286 16 1566
1243 2 2 4 8 1990 1123 2009
1244 2 2 4 8 716 719 1621
1245 2 2 4 8 1068 1190 1366
1246 2 2 4 8 1115 1626 1627
1247 2 2 4 8 68 257 1698
1248 2 2 4 8 1496 1927 1967
1249 2 2 4 8 597 920 1820
1250 2 2 4 8 119 120 1624
1251 2 2 4 8 1656 1652 1657
1252 2 2 4 8 532 514 533
1253 2 2 4 8 270 282 283
1254 2 2 4 8 602 603 604
1255 2 2 4 8 690 414 1827
1256 2 2 4 8 884 998 1068
1257 2 2 4 8 314 1120 1739
1258 2 2 4 8 954 829 1776
1259 2 2 4 8 792 562 912
1260 2 2 4 8 1338 1629 1630
1261 2 2 4 8 467 1564 1720
1262 2 2 4 8 467 469 1564
1263 2 2 4 8 1698 257 1699
1264 2 2 4 8 971 972 973
1265 2 2 4 8 271 98 1600
1266 2 2 4 8 309 306 1973
1267 2 2 4 8 1062 949 1309
1268 2 2 4 8 1147 735 1856
1269 2 2 4 8 446 449 1692
1270 2 2 4 8 316 314 1739
1271 2 2 4 8 806 1760 1761
1272 2 2 4 8 351 348 1792
1273 2 2 4 8 884 997 998
1274 2 2 4 8 234 235 673
1275 2 2 4 8 1140 1565 1953
1276 2 2 4 8 1724 1026 1913
1277 2 2 4 8 419 420 1696
1278 2 2 4 8 293 294 295
1279 2 2 4 8 288 287 290
1280 2 2 4 8 947 883 1066
1281 2 2 4 8 1190 1242 1358
1282 2 2 4 8 601 600 602
1283 2 2 4 8 1565 1140 1621
1284 2 2 4 8 1062 1309 1329
1285 2 2 4 8 855 1111 1622
1286 2 2 4 8 867 949 1062
1287 2 2 4 8 1102 1082 1205
1288 2 2 4 8 1101 1317 1594
1289 2 2 4 8 1684 267 1685
1290 2 2 4 8 333 627 1676
1291 2 2 4 8 898 901 1785
1292 2 2 4 8 1117 1145 2020
1293 2 2 4 8 968 1061 1689
1294 2 2 4 8 381 380 382
1295 2 2 4 8 1213 958 1592
1296 2 2 4 8 11 12 285
1297 2 2 4 8 334 1676 1754
1298 2 2 4 8 1682 1867 2012
1299 2 2 4 8 1233 1425 1432
1300 2 2 4 8 673 235 1595
1301 2 2 4 8 1018 1019 1987
1302 2 2 4 8 867 772 949
1303 2 2 4 8 1609 1118 1663
1304 2 2 4 8 293 291 294
1305 2 2 4 8 386 389 1666
1306 2 2 4 8 458 461 1736
1307 2 2 4 8 375 372 1667
1308 2 2 4 8 234 673 1674
1309 2 2 4 8 791 562 792
1310 2 2 4 8 1205 1082 1585
1311 2 2 4 8 1204 1386 1409
1312 2 2 4 8 1579 1302 1580
1313 2 2 4 8 782 180 1710
1314 2 2 4 8 631 630 632
1315 2 2 4 8 1206 1205 1207
1316 2 2 4 8 16 17 1566
1317 2 2 4 8 1139 1795 1889
1318 2 2 4 8 632 634 1622
1319 2 2 4 8 283 287 288
1320 2 2 4 8 629 628 630
1321 2 2 4 8 494 496 806
1322 2 2 4 8 599 598 600
1323 2 2 4 8 535 537 543
1324 2 2 4 8 1059 1213 1233
1325 2 2 4 8 627 626 628
1326 2 2 4 8 1556 1557 1558
1327 2 2 4 8 1780 1779 1781
1328 2 2 4 8 1133 1307 1587
1329 2 2 4 8 965 968 1689
1330 2 2 4 8 102 103 577
1331 2 2 4 8 1074 861 1075
1332 2 2 4 8 1218 1439 1768
1333 2 2 4 8 15 286 1593
1334 2 2 4 8 594 587 883
1335 2 2 4 8 962 1105 1204
1336 2 2 4 8 1208 1207 1426
1337 2 2 4 8 2046 1507 2048
1338 2 2 4 8 639 637 777
1339 2 2 4 8 837 1258 1673
1340 2 2 4 8 651 649 1691
1341 2 2 4 8 539 886 1563
1342 2 2 4 8 598 1106 1625
1343 2 2 4 8 855 1109 1110
1344 2 2 4 8 1141 707 1851
1345 2 2 4 8 291 290 475
1346 2 2 4 8 947 1066 1197
1347 2 2 4 8 1004 345 1009
1348 2 2 4 8 279 220 1598
1349 2 2 4 8 438 440 1855
1350 2 2 4 8 1110 1109 1226
1351 2 2 4 8 597 596 598
1352 2 2 4 8 238 868 1700
1353 2 2 4 8 1014 1816 1891
1354 2 2 4 8 919 283 1683
1355 2 2 4 8 855 640 1109
1356 2 2 4 8 1611 1610 1615
1357 2 2 4 8 1426 1207 1431
1358 2 2 4 8 916 462 1720
1359 2 2 4 8 1740 1695 1741
1360 2 2 4 8 1049 1301 1302
1361 2 2 4 8 606 605 607
1362 2 2 4 8 965 966 967
1363 2 2 4 8 627 628 629
1364 2 2 4 8 1233 1213 1425
1365 2 2 4 8 909 958 1059
1366 2 2 4 8 333 331 626
1367 2 2 4 8 219 220 279
1368 2 2 4 8 2149 1282 2151
1369 2 2 4 8 300 303 1727
1370 2 2 4 8 1467 1468 1470
1371 2 2 4 8 331 328 1745
1372 2 2 4 8 629 630 631
1373 2 2 4 8 608 602 1662
1374 2 2 4 8 1579 1580 1672
1375 2 2 4 8 179 782 1751
1376 2 2 4 8 1026 1724 2034
1377 2 2 4 8 1110 1226 1227
1378 2 2 4 8 643 10 1693
1379 2 2 4 8 13 14 625
1380 2 2 4 8 426 1708 1709
1381 2 2 4 8 965 967 968
1382 2 2 4 8 1790 1789 1791
1383 2 2 4 8 375 1667 1881
1384 2 2 4 8 1727 303 1728
1385 2 2 4 8 1218 1055 1219
1386 2 2 4 8 1059 958 1213
1387 2 2 4 8 1500 2092 2100
1388 2 2 4 8 1438 1219 1442
1389 2 2 4 8 296 294 1933
1390 2 2 4 8 604 606 881
1391 2 2 4 8 610 1605 1606
1392 2 2 4 8 1204 1553 1592
1393 2 2 4 8 886 541 989
1394 2 2 4 8 214 215 1089
1395 2 2 4 8 1004 1009 1249
1396 2 2 4 8 91 92 1775
1397 2 2 4 8 602 600 603
1398 2 2 4 8 1031 1679 1680
1399 2 2 4 8 333 626 627
1400 2 2 4 8 1027 1303 1538
1401 2 2 4 8 1688 777 1985
1402 2 2 4 8 12 13 1568
1403 2 2 4 8 1011 1610 1611
1404 2 2 4 8 498 500 807
1405 2 2 4 8 950 874 1768
1406 2 2 4 8 1126 1121 1284
1407 2 2 4 8 1309 1310 1311
1408 2 2 4 8 968 967 969
1409 2 2 4 8 118 119 273
1410 2 2 4 8 537 539 1563
1411 2 2 4 8 634 640 855
1412 2 2 4 8 1204 1105 1386
1413 2 2 4 8 887 1218 1768
1414 2 2 4 8 305 302 1707
1415 2 2 4 8 931 1974 2073
1416 2 2 4 8 1704 1234 1705
1417 2 2 4 8 491 492 804
1418 2 2 4 8 886 1082 1102
1419 2 2 4 8 270 5 282
1420 2 2 4 8 374 375 376
1421 2 2 4 8 1220 1731 1732
1422 2 2 4 8 2004 1670 2010
1423 2 2 4 8 583 582 584
1424 2 2 4 8 604 603 605
1425 2 2 4 8 1011 321 1610
1426 2 2 4 8 585 584 1690
1427 2 2 4 8 1787 358 1820
1428 2 2 4 8 753 812 1133
1429 2 2 4 8 561 558 562
1430 2 2 4 8 494 806 1835
1431 2 2 4 8 756 866 1619
1432 2 2 4 8 594 883 947
1433 2 2 4 8 321 319 672
1434 2 2 4 8 1145 1980 1984
1435 2 2 4 8 539 541 886
1436 2 2 4 8 1218 1219 1438
1437 2 2 4 8 1653 1654 1655
1438 2 2 4 8 833 874 950
1439 2 2 4 8 518 520 1663
1440 2 2 4 8 72 1755 1756
1441 2 2 4 8 1591 1496 1967
1442 2 2 4 8 1120 1121 1126
1443 2 2 4 8 1162 1490 1722
1444 2 2 4 8 327 324 1759
1445 2 2 4 8 1085 1084 1575
1446 2 2 4 8 120 1623 1624
1447 2 2 4 8 1725 1727 1729
1448 2 2 4 8 581 580 582
1449 2 2 4 8 449 1607 1608
1450 2 2 4 8 1695 407 1967
1451 2 2 4 8 345 343 1968
1452 2 2 4 8 1002 534 1003
1453 2 2 4 8 1232 1080 1356
1454 2 2 4 8 97 98 271
1455 2 2 4 8 894 897 1778
1456 2 2 4 8 374 372 375
1457 2 2 4 8 1599 919 2068
1458 2 2 4 8 63 256 1771
1459 2 2 4 8 270 283 919
1460 2 2 4 8 653 757 1637
1461 2 2 4 8 1778 897 1779
1462 2 2 4 8 216 486 1719
1463 2 2 4 8 887 1055 1218
1464 2 2 4 8 288 290 291
1465 2 2 4 8 877 767 1629
1466 2 2 4 8 11 285 1693
1467 2 2 4 8 1617 1616 1618
1468 2 2 4 8 632 633 634
1469 2 2 4 8 1780 1781 1782
1470 2 2 4 8 639 777 1688
1471 2 2 4 8 1680 1679 1681
1472 2 2 4 8 1323 1324 1331
1473 2 2 4 8 290 287 476
1474 2 2 4 8 1311 1312 1346
1475 2 2 4 8 906 909 1703
1476 2 2 4 8 73 258 1755
1477 2 2 4 8 389 390 1031
1478 2 2 4 8 382 380 383
1479 2 2 4 8 1880 684 1911
1480 2 2 4 8 694 696 699
1481 2 2 4 8 581 582 583
1482 2 2 4 8 1320 1069 1337
1483 2 2 4 8 1598 221 1599
1484 2 2 4 8 1066 1103 1323
1485 2 2 4 8 379 378 380
1486 2 2 4 8 871 873 1027
1487 2 2 4 8 583 584 585
1488 2 2 4 8 675 1265 2050
1489 2 2 4 8 1120 313 1121
1490 2 2 4 8 1075 861 1562
1491 2 2 4 8 396 398 399
1492 2 2 4 8 457 456 458
1493 2 2 4 8 1076 1095 1326
1494 2 2 4 8 1674 673 1675
1495 2 2 4 8 2087 1031 2112
1496 2 2 4 8 1703 1234 1704
1497 2 2 4 8 911 840 1139
1498 2 2 4 8 1680 1681 1682
1499 2 2 4 8 398 685 1900
1500 2 2 4 8 455 456 457
1501 2 2 4 8 791 792 861
1502 2 2 4 8 634 635 640
1503 2 2 4 8 378 516 1570
1504 2 2 4 8 742 790 929
1505 2 2 4 8 884 607 997
1506 2 2 4 8 584 589 590
1507 2 2 4 8 1713 942 1717
1508 2 2 4 8 827 829 954
1509 2 2 4 8 975 973 976
1510 2 2 4 8 579 580 581
1511 2 2 4 8 1085 1575 1576
1512 2 2 4 8 887 888 1055
1513 2 2 4 8 833 834 874
1514 2 2 4 8 926 1831 1832
1515 2 2 4 8 1089 215 1719
1516 2 2 4 8 1190 998 1242
1517 2 2 4 8 598 596 1106
1518 2 2 4 8 578 1021 1022
1519 2 2 4 8 15 16 286
1520 2 2 4 8 874 875 887
1521 2 2 4 8 386 388 389
1522 2 2 4 8 530 1579 1672
1523 2 2 4 8 482 478 1892
1524 2 2 4 8 399 400 401
1525 2 2 4 8 449 450 1607
1526 2 2 4 8 557 550 558
1527 2 2 4 8 1105 963 1689
1528 2 2 4 8 1556 266 1557
1529 2 2 4 8 1112 413 1697
1530 2 2 4 8 578 445 1021
1531 2 2 4 8 1204 1409 1553
1532 2 2 4 8 1239 1210 1240
1533 2 2 4 8 455 454 456
1534 2 2 4 8 467 466 468
1535 2 2 4 8 1025 1565 1621
1536 2 2 4 8 1284 1285 1529
1537 2 2 4 8 1031 390 1679
1538 2 2 4 8 452 454 455
1539 2 2 4 8 487 488 491
1540 2 2 4 8 1656 1657 1658
1541 2 2 4 8 931 930 1749
1542 2 2 4 8 893 894 1778
1543 2 2 4 8 645 644 646
1544 2 2 4 8 599 600 601
1545 2 2 4 8 1043 743 1817
1546 2 2 4 8 461 460 462
1547 2 2 4 8 1102 1205 1206
1548 2 2 4 8 579 401 580
1549 2 2 4 8 624 433 644
1550 2 2 4 8 70 674 1726
1551 2 2 4 8 990 1069 1320
1552 2 2 4 8 115 116 1491
1553 2 2 4 8 1091 1077 1387
1554 2 2 4 8 1587 1588 1589
1555 2 2 4 8 1206 1207 1208
1556 2 2 4 8 535 536 537
1557 2 2 4 8 358 357 1820
1558 2 2 4 8 288 291 293
1559 2 2 4 8 1367 1366 1368
1560 2 2 4 8 647 648 649
1561 2 2 4 8 1059 1234 1703
1562 2 2 4 8 1133 1134 1307
1563 2 2 4 8 638 637 639
1564 2 2 4 8 178 1751 1752
1565 2 2 4 8 392 394 395
1566 2 2 4 8 1708 1127 1709
1567 2 2 4 8 99 100 1596
1568 2 2 4 8 809 786 938
1569 2 2 4 8 1331 1332 1333
1570 2 2 4 8 986 1091 1846
1571 2 2 4 8 426 428 1708
1572 2 2 4 8 1959 1465 2051
1573 2 2 4 8 259 1762 1763
1574 2 2 4 8 712 1291 1292
1575 2 2 4 8 827 828 829
1576 2 2 4 8 365 1108 1748
1577 2 2 4 8 390 392 1679
1578 2 2 4 8 1162 1722 1724
1579 2 2 4 8 382 383 384
1580 2 2 4 8 979 977 981
1581 2 2 4 8 1570 1118 1571
1582 2 2 4 8 624 644 645
1583 2 2 4 8 1649 1648 1650
1584 2 2 4 8 597 598 599
1585 2 2 4 8 636 631 637
1586 2 2 4 8 263 187 1743
1587 2 2 4 8 1586 1105 1689
1588 2 2 4 8 319 316 1739
1589 2 2 4 8 649 648 653
1590 2 2 4 8 818 772 867
1591 2 2 4 8 464 466 467
1592 2 2 4 8 385 386 1666
1593 2 2 4 8 389 388 390
1594 2 2 4 8 399 401 579
1595 2 2 4 8 962 963 1105
1596 2 2 4 8 1630 1631 1632
1597 2 2 4 8 196 267 1684
1598 2 2 4 8 563 1132 1812
1599 2 2 4 8 1549 1787 1820
1600 2 2 4 8 647 646 648
1601 2 2 4 8 1197 1789 1790
1602 2 2 4 8 411 413 1112
1603 2 2 4 8 675 425 1265
1604 2 2 4 8 1216 984 1217
1605 2 2 4 8 601 602 608
1606 2 2 4 8 1066 883 1103
1607 2 2 4 8 631 632 1767
1608 2 2 4 8 458 460 461
1609 2 2 4 8 991 815 1080
1610 2 2 4 8 477 473 478
1611 2 2 4 8 590 592 766
1612 2 2 4 8 513 514 532
1613 2 2 4 8 894 896 897
1614 2 2 4 8 221 222 1599
1615 2 2 4 8 1612 1611 1613
1616 2 2 4 8 1141 1852 1961
1617 2 2 4 8 301 915 1001
1618 2 2 4 8 699 696 700
1619 2 2 4 8 1108 1151 1152
1620 2 2 4 8 357 355 596
1621 2 2 4 8 80 81 1766
1622 2 2 4 8 373 372 374
1623 2 2 4 8 67 68 1698
1624 2 2 4 8 1074 1075 1076
1625 2 2 4 8 322 321 1011
1626 2 2 4 8 664 665 666
1627 2 2 4 8 781 837 1673
1628 2 2 4 8 1565 1164 1702
1629 2 2 4 8 916 1720 2029
1630 2 2 4 8 1722 474 1723
1631 2 2 4 8 464 467 1720
1632 2 2 4 8 1049 1302 1579
1633 2 2 4 8 641 832 833
1634 2 2 4 8 1530 1641 1642
1635 2 2 4 8 122 123 1509
1636 2 2 4 8 590 591 592
1637 2 2 4 8 642 639 772
1638 2 2 4 8 624 1127 1708
1639 2 2 4 8 990 877 1069
1640 2 2 4 8 662 660 1648
1641 2 2 4 8 457 458 1736
1642 2 2 4 8 601 609 1845
1643 2 2 4 8 1769 65 1770
1644 2 2 4 8 830 914 1758
1645 2 2 4 8 376 377 378
1646 2 2 4 8 645 646 647
1647 2 2 4 8 902 905 1804
1648 2 2 4 8 402 1695 1740
1649 2 2 4 8 890 892 893
1650 2 2 4 8 300 299 301
1651 2 2 4 8 1358 1242 1452
1652 2 2 4 8 592 593 764
1653 2 2 4 8 862 992 1964
1654 2 2 4 8 757 810 994
1655 2 2 4 8 395 394 396
1656 2 2 4 8 408 410 411
1657 2 2 4 8 443 445 578
1658 2 2 4 8 628 1114 1718
1659 2 2 4 8 657 1146 1777
1660 2 2 4 8 14 15 1593
1661 2 2 4 8 431 433 624
1662 2 2 4 8 753 1133 1904
1663 2 2 4 8 1632 1634 1635
1664 2 2 4 8 95 96 610
1665 2 2 4 8 578 1113 1855
1666 2 2 4 8 378 377 516
1667 2 2 4 8 986 1077 1091
1668 2 2 4 8 420 423 1696
1669 2 2 4 8 545 457 655
1670 2 2 4 8 1108 1107 1151
1671 2 2 4 8 1693 285 1694
1672 2 2 4 8 120 121 1623
1673 2 2 4 8 266 177 1752
1674 2 2 4 8 402 404 1695
1675 2 2 4 8 379 380 381
1676 2 2 4 8 423 425 675
1677 2 2 4 8 656 655 657
1678 2 2 4 8 188 189 1744
1679 2 2 4 8 385 384 386
1680 2 2 4 8 413 414 690
1681 2 2 4 8 548 546 1122
1682 2 2 4 8 736 1049 1579
1683 2 2 4 8 194 195 670
1684 2 2 4 8 909 910 958
1685 2 2 4 8 808 1649 1661
1686 2 2 4 8 1989 1146 2003
1687 2 2 4 8 653 654 757
1688 2 2 4 8 829 830 944
1689 2 2 4 8 186 187 263
1690 2 2 4 8 767 651 795
1691 2 2 4 8 1927 1741 1967
1692 2 2 4 8 357 596 597
1693 2 2 4 8 1630 795 1631
1694 2 2 4 8 175 176 1555
1695 2 2 4 8 314 313 1120
1696 2 2 4 8 516 1118 1570
1697 2 2 4 8 411 412 413
1698 2 2 4 8 460 459 1737
1699 2 2 4 8 1332 1324 1879
1700 2 2 4 8 925 572 1616
1701 2 2 4 8 334 333 1676
1702 2 2 4 8 1743 188 1744
1703 2 2 4 8 480 237 1700
1704 2 2 4 8 191 192 265
1705 2 2 4 8 1050 1288 1749
1706 2 2 4 8 223 224 1678
1707 2 2 4 8 944 1084 1085
1708 2 2 4 8 991 1080 1232
1709 2 2 4 8 513 297 514
1710 2 2 4 8 546 374 1872
1711 2 2 4 8 516 518 1118
1712 2 2 4 8 1721 1325 1842
1713 2 2 4 8 1733 1732 1734
1714 2 2 4 8 587 585 1874
1715 2 2 4 8 312 310 313
1716 2 2 4 8 338 336 339
1717 2 2 4 8 326 324 327
1718 2 2 4 8 1417 1416 1434
1719 2 2 4 8 376 375 377
1720 2 2 4 8 589 582 1858
1721 2 2 4 8 196 197 267
1722 2 2 4 8 650 649 651
1723 2 2 4 8 469 468 470
1724 2 2 4 8 1059 1233 1234
1725 2 2 4 8 452 453 454
1726 2 2 4 8 1323 1103 1324
1727 2 2 4 8 498 807 1760
1728 2 2 4 8 584 582 589
1729 2 2 4 8 909 1059 1703
1730 2 2 4 8 431 432 433
1731 2 2 4 8 342 340 343
1732 2 2 4 8 423 424 425
1733 2 2 4 8 404 406 407
1734 2 2 4 8 479 484 1813
1735 2 2 4 8 935 1180 1181
1736 2 2 4 8 845 621 1796
1737 2 2 4 8 189 190 668
1738 2 2 4 8 184 185 671
1739 2 2 4 8 450 452 1934
1740 2 2 4 8 362 360 363
1741 2 2 4 8 656 657 658
1742 2 2 4 8 1256 1249 1488
1743 2 2 4 8 339 336 1754
1744 2 2 4 8 1070 934 1185
1745 2 2 4 8 1084 1243 1244
1746 2 2 4 8 332 331 333
1747 2 2 4 8 461 462 916
1748 2 2 4 8 888 890 1731
1749 2 2 4 8 901 902 1804
1750 2 2 4 8 181 264 1710
1751 2 2 4 8 537 538 539
1752 2 2 4 8 731 733 926
1753 2 2 4 8 944 996 1084
1754 2 2 4 8 628 626 1114
1755 2 2 4 8 760 942 1713
1756 2 2 4 8 660 659 664
1757 2 2 4 8 1309 949 1310
1758 2 2 4 8 986 999 1077
1759 2 2 4 8 678 67 1698
1760 2 2 4 8 968 969 984
1761 2 2 4 8 1331 1324 1332
1762 2 2 4 8 561 562 791
1763 2 2 4 8 1152 1901 1902
1764 2 2 4 8 644 433 1626
1765 2 2 4 8 574 572 925
1766 2 2 4 8 757 758 810
1767 2 2 4 8 1763 1762 1764
1768 2 2 4 8 220 221 1598
1769 2 2 4 8 71 72 1756
1770 2 2 4 8 64 65 1769
1771 2 2 4 8 301 299 915
1772 2 2 4 8 765 826 827
1773 2 2 4 8 330 328 331
1774 2 2 4 8 1643 1645 1646
1775 2 2 4 8 1027 873 1303
1776 2 2 4 8 1262 1092 1449
1777 2 2 4 8 632 630 633
1778 2 2 4 8 1091 1387 1416
1779 2 2 4 8 994 810 1846
1780 2 2 4 8 432 430 1844
1781 2 2 4 8 1667 1117 1668
1782 2 2 4 8 658 657 659
1783 2 2 4 8 1151 1549 1550
1784 2 2 4 8 396 399 1735
1785 2 2 4 8 1387 1077 1464
1786 2 2 4 8 320 319 321
1787 2 2 4 8 1704 1705 1706
1788 2 2 4 8 714 716 1621
1789 2 2 4 8 178 179 1751
1790 2 2 4 8 599 601 1845
1791 2 2 4 8 236 237 480
1792 2 2 4 8 416 418 419
1793 2 2 4 8 295 296 297
1794 2 2 4 8 496 498 1760
1795 2 2 4 8 641 833 1687
1796 2 2 4 8 1816 1127 1891
1797 2 2 4 8 390 391 392
1798 2 2 4 8 963 965 1689
1799 2 2 4 8 336 334 1754
1800 2 2 4 8 780 662 808
1801 2 2 4 8 1763 1764 1765
1802 2 2 4 8 1124 656 1942
1803 2 2 4 8 511 1026 1742
1804 2 2 4 8 1226 1109 1552
1805 2 2 4 8 592 591 593
1806 2 2 4 8 660 664 1648
1807 2 2 4 8 472 470 473
1808 2 2 4 8 743 776 1817
1809 2 2 4 8 1219 1055 1220
1810 2 2 4 8 810 811 986
1811 2 2 4 8 440 442 443
1812 2 2 4 8 984 969 1738
1813 2 2 4 8 560 930 931
1814 2 2 4 8 1356 1080 1357
1815 2 2 4 8 972 970 1008
1816 2 2 4 8 1558 1557 1559
1817 2 2 4 8 455 457 545
1818 2 2 4 8 1146 655 1736
1819 2 2 4 8 768 767 877
1820 2 2 4 8 672 319 1739
1821 2 2 4 8 386 387 388
1822 2 2 4 8 1050 1183 1288
1823 2 2 4 8 181 182 264
1824 2 2 4 8 370 369 1117
1825 2 2 4 8 523 525 923
1826 2 2 4 8 467 468 469
1827 2 2 4 8 652 651 767
1828 2 2 4 8 1307 1134 1308
1829 2 2 4 8 117 118 1551
1830 2 2 4 8 655 457 1736
1831 2 2 4 8 1813 1742 2034
1832 2 2 4 8 666 667 862
1833 2 2 4 8 1246 1232 1365
1834 2 2 4 8 1122 1701 2111
1835 2 2 4 8 709 712 1851
1836 2 2 4 8 514 297 1725
1837 2 2 4 8 1113 1022 1263
1838 2 2 4 8 1169 1168 1507
1839 2 2 4 8 257 69 1726
1840 2 2 4 8 179 180 782
1841 2 2 4 8 295 294 296
1842 2 2 4 8 567 731 1832
1843 2 2 4 8 906 908 909
1844 2 2 4 8 658 659 660
1845 2 2 4 8 1311 1310 1312
1846 2 2 4 8 1137 951 1199
1847 2 2 4 8 215 216 1719
1848 2 2 4 8 523 524 525
1849 2 2 4 8 66 678 1770
1850 2 2 4 8 354 352 355
1851 2 2 4 8 878 877 990
1852 2 2 4 8 477 479 1813
1853 2 2 4 8 1103 883 1874
1854 2 2 4 8 1117 369 1145
1855 2 2 4 8 923 1168 1169
1856 2 2 4 8 745 763 1024
1857 2 2 4 8 996 830 1758
1858 2 2 4 8 259 79 1762
1859 2 2 4 8 365 1107 1108
1860 2 2 4 8 609 608 786
1861 2 2 4 8 458 459 460
1862 2 2 4 8 1084 996 1243
1863 2 2 4 8 235 236 1595
1864 2 2 4 8 603 1625 1826
1865 2 2 4 8 443 444 445
1866 2 2 4 8 719 743 1025
1867 2 2 4 8 545 655 656
1868 2 2 4 8 428 430 431
1869 2 2 4 8 469 470 472
1870 2 2 4 8 370 1117 1667
1871 2 2 4 8 898 900 901
1872 2 2 4 8 1504 1101 1594
1873 2 2 4 8 1124 1942 1951
1874 2 2 4 8 634 633 635
1875 2 2 4 8 238 239 868
1876 2 2 4 8 580 401 1740
1877 2 2 4 8 407 406 408
1878 2 2 4 8 1342 1535 1536
1879 2 2 4 8 528 937 1825
1880 2 2 4 8 88 89 261
1881 2 2 4 8 10 11 1693
1882 2 2 4 8 1571 1118 1609
1883 2 2 4 8 576 574 1671
1884 2 2 4 8 1608 1952 1970
1885 2 2 4 8 1091 1417 1846
1886 2 2 4 8 887 875 888
1887 2 2 4 8 1284 1121 1285
1888 2 2 4 8 399 398 400
1889 2 2 4 8 659 657 1777
1890 2 2 4 8 874 834 875
1891 2 2 4 8 580 1740 1858
1892 2 2 4 8 1194 1193 1195
1893 2 2 4 8 365 363 1107
1894 2 2 4 8 420 422 423
1895 2 2 4 8 401 400 402
1896 2 2 4 8 464 465 466
1897 2 2 4 8 481 478 482
1898 2 2 4 8 490 511 1742
1899 2 2 4 8 640 635 641
1900 2 2 4 8 808 1661 1799
1901 2 2 4 8 1016 1504 1798
1902 2 2 4 8 1337 1069 1338
1903 2 2 4 8 1632 1633 1634
1904 2 2 4 8 1584 1880 1911
1905 2 2 4 8 386 384 387
1906 2 2 4 8 449 448 450
1907 2 2 4 8 419 1696 2079
1908 2 2 4 8 256 64 1769
1909 2 2 4 8 1529 1285 1530
1910 2 2 4 8 180 181 1710
1911 2 2 4 8 520 522 523
1912 2 2 4 8 736 1048 1049
1913 2 2 4 8 373 374 546
1914 2 2 4 8 195 196 1684
1915 2 2 4 8 1035 698 1963
1916 2 2 4 8 516 517 518
1917 2 2 4 8 674 71 1756
1918 2 2 4 8 434 436 437
1919 2 2 4 8 75 76 680
1920 2 2 4 8 350 348 351
1921 2 2 4 8 913 1507 2046
1922 2 2 4 8 1445 1444 1455
1923 2 2 4 8 829 944 1776
1924 2 2 4 8 1025 1043 1164
1925 2 2 4 8 1217 984 1738
1926 2 2 4 8 484 490 1742
1927 2 2 4 8 85 86 799
1928 2 2 4 8 764 593 765
1929 2 2 4 8 1164 1043 1177
1930 2 2 4 8 1216 1217 1345
1931 2 2 4 8 833 832 834
1932 2 2 4 8 666 862 956
1933 2 2 4 8 552 554 1033
1934 2 2 4 8 222 5 270
1935 2 2 4 8 590 589 591
1936 2 2 4 8 70 71 674
1937 2 2 4 8 1433 1188 1950
1938 2 2 4 8 1025 1164 1565
1939 2 2 4 8 372 370 1667
1940 2 2 4 8 1173 1171 1451
1941 2 2 4 8 1563 1102 1873
1942 2 2 4 8 382 384 385
1943 2 2 4 8 923 525 1168
1944 2 2 4 8 73 74 258
1945 2 2 4 8 83 84 260
1946 2 2 4 8 511 510 857
1947 2 2 4 8 739 742 1856
1948 2 2 4 8 862 863 992
1949 2 2 4 8 1346 1312 1349
1950 2 2 4 8 1520 1518 1526
1951 2 2 4 8 490 510 511
1952 2 2 4 8 258 74 1747
1953 2 2 4 8 98 99 1600
1954 2 2 4 8 646 644 1115
1955 2 2 4 8 68 69 257
1956 2 2 4 8 78 79 259
1957 2 2 4 8 63 64 256
1958 2 2 4 8 1806 1018 1987
1959 2 2 4 8 75 680 1747
1960 2 2 4 8 363 360 1787
1961 2 2 4 8 1080 815 1799
1962 2 2 4 8 413 690 1697
1963 2 2 4 8 1133 812 1134
1964 2 2 4 8 346 345 1004
1965 2 2 4 8 1136 951 1137
1966 2 2 4 8 1618 1616 1639
1967 2 2 4 8 72 73 1755
1968 2 2 4 8 318 316 319
1969 2 2 4 8 477 478 479
1970 2 2 4 8 446 448 449
1971 2 2 4 8 827 826 828
1972 2 2 4 8 81 82 679
1973 2 2 4 8 902 904 905
1974 2 2 4 8 1016 1101 1504
1975 2 2 4 8 60 280 1797
1976 2 2 4 8 90 91 677
1977 2 2 4 8 366 365 1748
1978 2 2 4 8 298 300 1727
1979 2 2 4 8 177 178 1752
1980 2 2 4 8 893 892 894
1981 2 2 4 8 466 530 1672
1982 2 2 4 8 819 815 991
1983 2 2 4 8 557 558 561
1984 2 2 4 8 1875 1157 1900
1985 2 2 4 8 1578 1500 2100
1986 2 2 4 8 66 67 678
1987 2 2 4 8 618 737 1160
1988 2 2 4 8 663 662 780
1989 2 2 4 8 1601 1600 1808
1990 2 2 4 8 344 343 345
1991 2 2 4 8 535 533 536
1992 2 2 4 8 745 1024 1911
1993 2 2 4 8 462 463 464
1994 2 2 4 8 312 313 314
1995 2 2 4 8 450 451 452
1996 2 2 4 8 1754 1676 1803
1997 2 2 4 8 362 363 364
1998 2 2 4 8 623 621 845
1999 2 2 4 8 472 473 477
2000 2 2 4 8 1102 1206 1873
2001 2 2 4 8 364 363 365
2002 2 2 4 8 413 412 414
2003 2 2 4 8 664 659 665
2004 2 2 4 8 301 1001 1707
2005 2 2 4 8 1653 1655 1659
2006 2 2 4 8 93 94 262
2007 2 2 4 8 855 1110 1111
2008 2 2 4 8 237 238 1700
2009 2 2 4 8 499 497 1958
2010 2 2 4 8 829 828 830
2011 2 2 4 8 657 655 1146
2012 2 2 4 8 881 1807 1945
2013 2 2 4 8 1049 1299 1301
2014 2 2 4 8 419 418 420
2015 2 2 4 8 867 1062 1446
2016 2 2 4 8 874 887 1768
2017 2 2 4 8 1245 1075 1562
2018 2 2 4 8 586 585 587
2019 2 2 4 8 364 365 366
2020 2 2 4 8 302 301 1707
2021 2 2 4 8 1856 929 1857
2022 2 2 4 8 596 355 1569
2023 2 2 4 8 523 522 524
2024 2 2 4 8 1632 1631 1633
2025 2 2 4 8 176 177 266
2026 2 2 4 8 781 815 819
2027 2 2 4 8 1676 627 1930
2028 2 2 4 8 514 1725 1893
2029 2 2 4 8 1201 1203 1793
2030 2 2 4 8 897 896 898
2031 2 2 4 8 578 1022 1113
2032 2 2 4 8 1714 1721 1842
2033 2 2 4 8 392 393 394
2034 2 2 4 8 661 660 662
2035 2 2 4 8 1101 1316 1317
2036 2 2 4 8 425 424 426
2037 2 2 4 8 1147 1857 1997
2038 2 2 4 8 647 649 650
2039 2 2 4 8 833 950 1687
2040 2 2 4 8 431 430 432
2041 2 2 4 8 1016 1063 1101
2042 2 2 4 8 411 410 412
2043 2 2 4 8 1642 1641 1643
2044 2 2 4 8 396 397 398
2045 2 2 4 8 1218 1438 1439
2046 2 2 4 8 1812 1132 1830
2047 2 2 4 8 622 623 1909
2048 2 2 4 8 780 808 1799
2049 2 2 4 8 944 830 996
2050 2 2 4 8 401 402 1740
2051 2 2 4 8 423 675 1696
2052 2 2 4 8 549 552 1840
2053 2 2 4 8 423 422 424
2054 2 2 4 8 757 994 1637
2055 2 2 4 8 1199 951 1794
2056 2 2 4 8 1325 1268 1842
2057 2 2 4 8 1573 1572 1574
2058 2 2 4 8 866 993 1304
2059 2 2 4 8 1266 1137 1267
2060 2 2 4 8 959 961 962
2061 2 2 4 8 547 549 1840
2062 2 2 4 8 810 758 811
2063 2 2 4 8 986 811 999
2064 2 2 4 8 1040 922 1041
2065 2 2 4 8 623 845 851
2066 2 2 4 8 897 898 1785
2067 2 2 4 8 937 760 1713
2068 2 2 4 8 937 1714 1842
2069 2 2 4 8 1333 1332 1340
2070 2 2 4 8 356 355 357
2071 2 2 4 8 768 877 878
2072 2 2 4 8 937 1713 1714
2073 2 2 4 8 757 654 758
2074 2 2 4 8 525 524 770
2075 2 2 4 8 368 366 369
2076 2 2 4 8 1779 897 1785
2077 2 2 4 8 930 1050 1749
2078 2 2 4 8 1561 1989 2003
2079 2 2 4 8 2052 1617 2056
2080 2 2 4 8 1278 1992 2035
2081 2 2 4 8 588 587 594
2082 2 2 4 8 653 648 654
2083 2 2 4 8 781 780 815
2084 2 2 4 8 62 63 1771
2085 2 2 4 8 300 301 302
2086 2 2 4 8 770 1016 1798
2087 2 2 4 8 516 377 517
2088 2 2 4 8 760 761 942
2089 2 2 4 8 857 943 1794
2090 2 2 4 8 187 188 1743
2091 2 2 4 8 392 391 393
2092 2 2 4 8 858 951 1136
2093 2 2 4 8 1714 1713 1715
2094 2 2 4 8 770 955 1016
2095 2 2 4 8 1011 1611 1612
2096 2 2 4 8 433 432 434
2097 2 2 4 8 492 488 493
2098 2 2 4 8 1268 1825 1842
2099 2 2 4 8 787 786 809
2100 2 2 4 8 665 659 1777
2101 2 2 4 8 629 631 636
2102 2 2 4 8 280 61 1810
2103 2 2 4 8 1725 298 1727
2104 2 2 4 8 338 339 340
2105 2 2 4 8 520 521 522
2106 2 2 4 8 1807 1367 1945
2107 2 2 4 8 624 645 1127
2108 2 2 4 8 1256 1510 1917
2109 2 2 4 8 621 616 1796
2110 2 2 4 8 810 986 1846
2111 2 2 4 8 1851 1292 1852
2112 2 2 4 8 1782 1781 1783
2113 2 2 4 8 528 760 937
2114 2 2 4 8 445 444 446
2115 2 2 4 8 437 436 438
2116 2 2 4 8 1085 1576 1577
2117 2 2 4 8 1113 1677 1855
2118 2 2 4 8 1369 1368 1415
2119 2 2 4 8 454 563 1812
2120 2 2 4 8 1773 1199 1819
2121 2 2 4 8 520 523 1663
2122 2 2 4 8 951 857 1794
2123 2 2 4 8 1683 293 1818
2124 2 2 4 8 1634 1633 1636
2125 2 2 4 8 652 767 768
2126 2 2 4 8 1151 1107 1549
2127 2 2 4 8 298 299 300
2128 2 2 4 8 60 61 280
2129 2 2 4 8 376 378 379
2130 2 2 4 8 1536 1535 1537
2131 2 2 4 8 1750 1266 2039
2132 2 2 4 8 518 519 520
2133 2 2 4 8 862 667 863
2134 2 2 4 8 414 416 1827
2135 2 2 4 8 1012 589 1858
2136 2 2 4 8 435 432 1844
2137 2 2 4 8 1224 1225 1372
2138 2 2 4 8 1825 937 1842
2139 2 2 4 8 9 643 1786
2140 2 2 4 8 1061 984 1216
2141 2 2 4 8 1209 1208 1210
2142 2 2 4 8 650 651 652
2143 2 2 4 8 443 442 444
2144 2 2 4 8 857 510 943
2145 2 2 4 8 431 624 1708
2146 2 2 4 8 606 884 1807
2147 2 2 4 8 666 665 667
2148 2 2 4 8 320 321 322
2149 2 2 4 8 490 508 510
2150 2 2 4 8 1211 1210 1239
2151 2 2 4 8 390 388 391
2152 2 2 4 8 1715 1713 1717
2153 2 2 4 8 79 80 1762
2154 2 2 4 8 1612 1613 1614
2155 2 2 4 8 1728 303 1800
2156 2 2 4 8 484 489 490
2157 2 2 4 8 326 327 328
2158 2 2 4 8 858 857 951
2159 2 2 4 8 1098 1099 1248
2160 2 2 4 8 745 762 763
2161 2 2 4 8 313 310 1869
2162 2 2 4 8 1206 1209 1873
2163 2 2 4 8 702 698 1035
2164 2 2 4 8 1025 743 1043
2165 2 2 4 8 1088 1511 1527
2166 2 2 4 8 1091 1416 1417
2167 2 2 4 8 8 9 1786
2168 2 2 4 8 361 360 362
2169 2 2 4 8 848 722 922
2170 2 2 4 8 255 57 1811
2171 2 2 4 8 1168 525 1798
2172 2 2 4 8 838 839 1924
2173 2 2 4 8 69 70 1726
2174 2 2 4 8 481 482 487
2175 2 2 4 8 537 536 538
2176 2 2 4 8 975 976 977
2177 2 2 4 8 1498 1103 1874
2178 2 2 4 8 520 519 521
2179 2 2 4 8 526 528 1825
2180 2 2 4 8 1244 1243 1453
2181 2 2 4 8 449 1608 1692
2182 2 2 4 8 1016 955 1063
2183 2 2 4 8 404 405 406
2184 2 2 4 8 216 217 486
2185 2 2 4 8 618 1160 1920
2186 2 2 4 8 9 10 643
2187 2 2 4 8 663 780 781
2188 2 2 4 8 1603 1602 1604
2189 2 2 4 8 658 660 661
2190 2 2 4 8 1386 1105 1586
2191 2 2 4 8 368 369 370
2192 2 2 4 8 402 403 404
2193 2 2 4 8 428 431 1708
2194 2 2 4 8 761 802 1098
2195 2 2 4 8 416 419 1827
2196 2 2 4 8 663 781 1673
2197 2 2 4 8 511 857 858
2198 2 2 4 8 1113 1263 1264
2199 2 2 4 8 1795 947 1889
2200 2 2 4 8 962 961 963
2201 2 2 4 8 440 443 1855
2202 2 2 4 8 783 2058 2123
2203 2 2 4 8 295 297 513
2204 2 2 4 8 1064 1336 1848
2205 2 2 4 8 1840 1033 1841
2206 2 2 4 8 304 302 305
2207 2 2 4 8 350 351 352
2208 2 2 4 8 638 639 642
2209 2 2 4 8 492 493 494
2210 2 2 4 8 1101 1063 1316
2211 2 2 4 8 636 637 638
2212 2 2 4 8 770 880 955
2213 2 2 4 8 706 1275 1907
2214 2 2 4 8 369 366 1748
2215 2 2 4 8 1145 369 1748
2216 2 2 4 8 524 522 1824
2217 2 2 4 8 1162 1161 1490
2218 2 2 4 8 731 732 733
2219 2 2 4 8 1173 1451 1472
2220 2 2 4 8 1714 1716 1721
2221 2 2 4 8 579 1116 1735
2222 2 2 4 8 299 296 1933
2223 2 2 4 8 525 770 1798
2224 2 2 4 8 518 517 519
2225 2 2 4 8 1285 1121 1869
2226 2 2 4 8 1540 1543 1544
2227 2 2 4 8 928 1037 1293
2228 2 2 4 8 979 981 982
2229 2 2 4 8 308 306 309
2230 2 2 4 8 963 964 965
2231 2 2 4 8 1264 1263 1788
2232 2 2 4 8 1714 1715 1716
2233 2 2 4 8 1651 956 1652
2234 2 2 4 8 642 772 818
2235 2 2 4 8 905 904 906
2236 2 2 4 8 1029 2015 2028
2237 2 2 4 8 1061 1216 1348
2238 2 2 4 8 1600 1596 1808
2239 2 2 4 8 880 524 1824
2240 2 2 4 8 517 377 1881
2241 2 2 4 8 1341 1332 1879
2242 2 2 4 8 795 651 1691
2243 2 2 4 8 1764 1762 1766
2244 2 2 4 8 399 579 1735
2245 2 2 4 8 760 529 761
2246 2 2 4 8 56 57 255
2247 2 2 4 8 523 923 1663
2248 2 2 4 8 1064 1325 1336
2249 2 2 4 8 1040 1041 1286
2250 2 2 4 8 1197 1066 1789
2251 2 2 4 8 756 865 866
2252 2 2 4 8 1026 858 1913
2253 2 2 4 8 59 60 1797
2254 2 2 4 8 408 409 410
2255 2 2 4 8 522 521 526
2256 2 2 4 8 343 340 1926
2257 2 2 4 8 1762 80 1766
2258 2 2 4 8 579 581 1116
2259 2 2 4 8 725 744 745
2260 2 2 4 8 901 900 902
2261 2 2 4 8 62 1771 1810
2262 2 2 4 8 354 355 356
2263 2 2 4 8 716 718 719
2264 2 2 4 8 528 529 760
2265 2 2 4 8 597 599 920
2266 2 2 4 8 304 307 1800
2267 2 2 4 8 479 483 484
2268 2 2 4 8 863 864 1018
2269 2 2 4 8 917 517 1881
2270 2 2 4 8 925 1616 1617
2271 2 2 4 8 1004 1249 1256
2272 2 2 4 8 968 984 1061
2273 2 2 4 8 330 331 332
2274 2 2 4 8 1844 1123 1990
2275 2 2 4 8 58 59 750
2276 2 2 4 8 839 928 1924
2277 2 2 4 8 776 1042 1817
2278 2 2 4 8 469 472 474
2279 2 2 4 8 452 451 453
2280 2 2 4 8 582 580 1858
2281 2 2 4 8 61 62 1810
2282 2 2 4 8 848 922 1040
2283 2 2 4 8 909 908 910
2284 2 2 4 8 462 460 463
2285 2 2 4 8 308 309 310
2286 2 2 4 8 1018 864 1019
2287 2 2 4 8 414 415 416
2288 2 2 4 8 1011 1612 1759
2289 2 2 4 8 318 319 320
2290 2 2 4 8 458 456 459
2291 2 2 4 8 511 858 1026
2292 2 2 4 8 609 786 787
2293 2 2 4 8 800 988 1039
2294 2 2 4 8 1167 844 1836
2295 2 2 4 8 911 1139 1176
2296 2 2 4 8 1092 818 1757
2297 2 2 4 8 965 964 966
2298 2 2 4 8 536 533 1893
2299 2 2 4 8 396 394 397
2300 2 2 4 8 1317 1316 1347
2301 2 2 4 8 351 1792 1917
2302 2 2 4 8 1659 1655 1660
2303 2 2 4 8 955 880 1064
2304 2 2 4 8 1019 1161 1162
2305 2 2 4 8 790 870 871
2306 2 2 4 8 712 783 1291
2307 2 2 4 8 65 66 1770
2308 2 2 4 8 443 578 1855
2309 2 2 4 8 1069 877 1629
2310 2 2 4 8 311 310 312
2311 2 2 4 8 332 333 334
2312 2 2 4 8 991 1232 1246
2313 2 2 4 8 1256 1488 1510
2314 2 2 4 8 469 474 1564
2315 2 2 4 8 958 910 959
2316 2 2 4 8 985 1238 1272
2317 2 2 4 8 1152 1151 1901
2318 2 2 4 8 1696 675 2066
2319 2 2 4 8 853 854 1046
2320 2 2 4 8 1830 1132 1831
2321 2 2 4 8 750 59 1797
2322 2 2 4 8 507 502 850
2323 2 2 4 8 7 8 1223
2324 2 2 4 8 745 744 762
2325 2 2 4 8 304 305 306
2326 2 2 4 8 426 427 428
2327 2 2 4 8 398 397 685
2328 2 2 4 8 1129 622 1909
2329 2 2 4 8 742 789 790
2330 2 2 4 8 233 234 1674
2331 2 2 4 8 770 524 880
2332 2 2 4 8 1063 955 1848
2333 2 2 4 8 522 526 1824
2334 2 2 4 8 601 608 609
2335 2 2 4 8 1098 802 1099
2336 2 2 4 8 776 945 1042
2337 2 2 4 8 1340 1341 1342
2338 2 2 4 8 846 1038 1175
2339 2 2 4 8 415 1853 1953
2340 2 2 4 8 871 872 873
2341 2 2 4 8 567 569 731
2342 2 2 4 8 542 824 1847
2343 2 2 4 8 1068 1366 1367
2344 2 2 4 8 494 495 496
2345 2 2 4 8 322 1011 1759
2346 2 2 4 8 356 357 358
2347 2 2 4 8 359 358 360
2348 2 2 4 8 1035 1963 1978
2349 2 2 4 8 300 302 303
2350 2 2 4 8 1916 721 1966
2351 2 2 4 8 1140 714 1621
2352 2 2 4 8 428 429 430
2353 2 2 4 8 1064 1268 1325
2354 2 2 4 8 1262 1449 1466
2355 2 2 4 8 526 527 528
2356 2 2 4 8 298 296 299
2357 2 2 4 8 563 565 1132
2358 2 2 4 8 863 667 864
2359 2 2 4 8 1136 1137 1266
2360 2 2 4 8 420 421 422
2361 2 2 4 8 416 417 418
2362 2 2 4 8 611 1123 1844
2363 2 2 4 8 731 569 732
2364 2 2 4 8 53 54 932
2365 2 2 4 8 552 1033 1840
2366 2 2 4 8 327 1759 1890
2367 2 2 4 8 1115 644 1626
2368 2 2 4 8 1321 987 1322
2369 2 2 4 8 271 1602 1603
2370 2 2 4 8 1042 1086 1174
2371 2 2 4 8 1640 1285 1869
2372 2 2 4 8 440 441 442
2373 2 2 4 8 1201 1202 1203
2374 2 2 4 8 946 861 1074
2375 2 2 4 8 393 681 682
2376 2 2 4 8 641 831 832
2377 2 2 4 8 709 711 712
2378 2 2 4 8 1064 880 1268
2379 2 2 4 8 733 755 756
2380 2 2 4 8 438 439 440
2381 2 2 4 8 591 1012 1814
2382 2 2 4 8 1474 1315 1475
2383 2 2 4 8 719 720 743
2384 2 2 4 8 573 572 574
2385 2 2 4 8 676 714 1140
2386 2 2 4 8 1530 1640 1641
2387 2 2 4 8 1772 1199 1773
2388 2 2 4 8 297 298 1725
2389 2 2 4 8 1643 1644 1645
2390 2 2 4 8 1840 1841 1948
2391 2 2 4 8 1055 888 1731
2392 2 2 4 8 575 574 576
2393 2 2 4 8 402 400 403
2394 2 2 4 8 1389 1390 1391
2395 2 2 4 8 1531 1344 1532
2396 2 2 4 8 430 611 1844
2397 2 2 4 8 888 889 890
2398 2 2 4 8 611 613 1123
2399 2 2 4 8 2040 1287 2101
2400 2 2 4 8 484 1742 1813
2401 2 2 4 8 712 1292 1851
2402 2 2 4 8 1170 1094 1171
2403 2 2 4 8 1367 1369 1945
2404 2 2 4 8 404 403 405
2405 2 2 4 8 304 306 307
2406 2 2 4 8 820 809 934
2407 2 2 4 8 763 762 800
2408 2 2 4 8 1023 921 1119
2409 2 2 4 8 1824 526 1825
2410 2 2 4 8 761 529 802
2411 2 2 4 8 74 75 1747
2412 2 2 4 8 539 538 540
2413 2 2 4 8 843 1034 1165
2414 2 2 4 8 765 825 826
2415 2 2 4 8 26 27 268
2416 2 2 4 8 539 540 541
2417 2 2 4 8 737 788 853
2418 2 2 4 8 1047 1214 1215
2419 2 2 4 8 521 519 1821
2420 2 2 4 8 528 527 529
2421 2 2 4 8 787 809 820
2422 2 2 4 8 733 732 755
2423 2 2 4 8 1107 363 1787
2424 2 2 4 8 661 662 663
2425 2 2 4 8 684 724 725
2426 2 2 4 8 1342 1534 1535
2427 2 2 4 8 454 453 563
2428 2 2 4 8 890 891 892
2429 2 2 4 8 618 619 737
2430 2 2 4 8 434 435 436
2431 2 2 4 8 1709 1127 1816
2432 2 2 4 8 843 1165 1865
2433 2 2 4 8 800 987 988
2434 2 2 4 8 1268 880 1824
2435 2 2 4 8 944 1085 1776
2436 2 2 4 8 224 284 1678
2437 2 2 4 8 446 447 448
2438 2 2 4 8 450 448 451
2439 2 2 4 8 616 614 1796
2440 2 2 4 8 884 1068 1807
2441 2 2 4 8 1294 2139 2140
2442 2 2 4 8 1010 536 1893
2443 2 2 4 8 456 454 1812
2444 2 2 4 8 1030 842 1274
2445 2 2 4 8 632 1622 1767
2446 2 2 4 8 947 1197 1889
2447 2 2 4 8 470 468 471
2448 2 2 4 8 1349 1482 1505
2449 2 2 4 8 526 521 527
2450 2 2 4 8 583 585 586
2451 2 2 4 8 132 133 796
2452 2 2 4 8 918 878 1093
2453 2 2 4 8 705 707 1141
2454 2 2 4 8 852 851 1179
2455 2 2 4 8 1324 1498 1879
2456 2 2 4 8 1020 663 1673
2457 2 2 4 8 930 941 1050
2458 2 2 4 8 894 895 896
2459 2 2 4 8 1049 1048 1299
2460 2 2 4 8 1664 1259 1665
2461 2 2 4 8 725 726 744
2462 2 2 4 8 955 1064 1848
2463 2 2 4 8 1880 1135 1898
2464 2 2 4 8 1183 1200 1201
2465 2 2 4 8 57 58 1811
2466 2 2 4 8 156 688 1839
2467 2 2 4 8 427 424 1829
2468 2 2 4 8 533 514 1893
2469 2 2 4 8 775 701 1956
2470 2 2 4 8 739 741 742
2471 2 2 4 8 1248 1099 1503
2472 2 2 4 8 1223 8 1786
2473 2 2 4 8 529 527 1870
2474 2 2 4 8 1005 1497 1802
2475 2 2 4 8 685 1135 1166
2476 2 2 4 8 342 343 344
2477 2 2 4 8 1060 1237 1815
2478 2 2 4 8 1339 1063 1848
2479 2 2 4 8 374 376 1872
2480 2 2 4 8 408 406 409
2481 2 2 4 8 1736 461 2003
2482 2 2 4 8 626 331 1745
2483 2 2 4 8 620 616 621
2484 2 2 4 8 742 929 1856
2485 2 2 4 8 1073 1008 1282
2486 2 2 4 8 527 521 1821
2487 2 2 4 8 1322 987 1894
2488 2 2 4 8 1316 1063 1339
2489 2 2 4 8 1066 1323 1789
2490 2 2 4 8 1174 1198 1298
2491 2 2 4 8 802 529 1870
2492 2 2 4 8 1000 934 1070
2493 2 2 4 8 970 967 1590
2494 2 2 4 8 371 370 372
2495 2 2 4 8 348 346 1792
2496 2 2 4 8 815 780 1799
2497 2 2 4 8 560 879 930
2498 2 2 4 8 694 695 696
2499 2 2 4 8 1125 844 1167
2500 2 2 4 8 1054 1163 1187
2501 2 2 4 8 614 1156 1796
2502 2 2 4 8 367 366 368
2503 2 2 4 8 771 726 1100
2504 2 2 4 8 1559 1557 1560
2505 2 2 4 8 464 463 465
2506 2 2 4 8 1792 1256 1917
2507 2 2 4 8 27 28 1843
2508 2 2 4 8 136 137 703
2509 2 2 4 8 568 566 570
2510 2 2 4 8 650 1014 1891
2511 2 2 4 8 1050 1083 1183
2512 2 2 4 8 1540 1539 1541
2513 2 2 4 8 751 153 1849
2514 2 2 4 8 519 517 917
2515 2 2 4 8 519 917 1821
2516 2 2 4 8 293 295 1818
2517 2 2 4 8 51 52 254
2518 2 2 4 8 1039 988 1196
2519 2 2 4 8 545 656 1124
2520 2 2 4 8 1073 1344 1531
2521 2 2 4 8 312 314 315
2522 2 2 4 8 376 379 1872
2523 2 2 4 8 744 726 771
2524 2 2 4 8 978 980 985
2525 2 2 4 8 1748 1108 1980
2526 2 2 4 8 414 412 415
2527 2 2 4 8 1005 1495 1497
2528 2 2 4 8 1106 596 1569
2529 2 2 4 8 730 735 1147
2530 2 2 4 8 768 878 918
2531 2 2 4 8 1086 945 1850
2532 2 2 4 8 1516 1515 1521
2533 2 2 4 8 142 143 687
2534 2 2 4 8 159 160 246
2535 2 2 4 8 1241 1239 1444
2536 2 2 4 8 442 441 1865
2537 2 2 4 8 159 246 1838
2538 2 2 4 8 985 1057 1238
2539 2 2 4 8 945 1067 1850
2540 2 2 4 8 303 304 1800
2541 2 2 4 8 364 366 367
2542 2 2 4 8 684 725 1911
2543 2 2 4 8 1243 996 1450
2544 2 2 4 8 393 391 681
2545 2 2 4 8 883 587 1874
2546 2 2 4 8 1217 1738 2008
2547 2 2 4 8 156 157 688
2548 2 2 4 8 510 508 1904
2549 2 2 4 8 1370 1230 1371
2550 2 2 4 8 623 851 852
2551 2 2 4 8 426 424 427
2552 2 2 4 8 614 612 1156
2553 2 2 4 8 1247 1070 1315
2554 2 2 4 8 144 145 243
2555 2 2 4 8 591 589 1012
2556 2 2 4 8 1549 1107 1787
2557 2 2 4 8 371 372 373
2558 2 2 4 8 853 1046 2049
2559 2 2 4 8 317 691 692
2560 2 2 4 8 466 465 530
2561 2 2 4 8 420 418 421
2562 2 2 4 8 1131 1129 1144
2563 2 2 4 8 441 843 1865
2564 2 2 4 8 58 750 1811
2565 2 2 4 8 837 1096 1257
2566 2 2 4 8 715 713 1149
2567 2 2 4 8 556 559 560
2568 2 2 4 8 607 605 822
2569 2 2 4 8 490 489 508
2570 2 2 4 8 297 296 298
2571 2 2 4 8 1149 713 1862
2572 2 2 4 8 1056 849 1289
2573 2 2 4 8 152 153 751
2574 2 2 4 8 781 819 837
2575 2 2 4 8 974 975 1876
2576 2 2 4 8 985 1272 1876
2577 2 2 4 8 1949 1149 1971
2578 2 2 4 8 1274 1990 2009
2579 2 2 4 8 710 708 803
2580 2 2 4 8 816 576 1297
2581 2 2 4 8 718 721 1916
2582 2 2 4 8 620 1128 1753
2583 2 2 4 8 765 593 825
2584 2 2 4 8 682 683 684
2585 2 2 4 8 708 706 1907
2586 2 2 4 8 988 987 1321
2587 2 2 4 8 692 693 694
2588 2 2 4 8 1060 1236 1237
2589 2 2 4 8 416 415 417
2590 2 2 4 8 1172 1171 1173
2591 2 2 4 8 615 617 618
2592 2 2 4 8 665 1777 1939
2593 2 2 4 8 719 718 720
2594 2 2 4 8 1361 1188 1433
2595 2 2 4 8 1019 1104 1161
2596 2 2 4 8 811 758 836
2597 2 2 4 8 1166 1135 1584
2598 2 2 4 8 134 135 241
2599 2 2 4 8 164 165 247
2600 2 2 4 8 1275 704 1921
2601 2 2 4 8 1161 1104 1561
2602 2 2 4 8 154 155 245
2603 2 2 4 8 139 140 242
2604 2 2 4 8 685 397 1135
2605 2 2 4 8 554 555 556
2606 2 2 4 8 920 599 1845
2607 2 2 4 8 1450 996 1758
2608 2 2 4 8 28 29 686
2609 2 2 4 8 1012 1741 1927
2610 2 2 4 8 1215 1214 1388
2611 2 2 4 8 1631 795 1691
2612 2 2 4 8 706 704 1275
2613 2 2 4 8 1099 802 1143
2614 2 2 4 8 410 409 676
2615 2 2 4 8 1067 1269 1318
2616 2 2 4 8 455 545 1934
2617 2 2 4 8 1015 493 1746
2618 2 2 4 8 1143 802 1870
2619 2 2 4 8 1247 1315 1474
2620 2 2 4 8 1622 1506 1767
2621 2 2 4 8 210 211 504
2622 2 2 4 8 379 381 1701
2623 2 2 4 8 652 768 1912
2624 2 2 4 8 146 147 689
2625 2 2 4 8 307 306 308
2626 2 2 4 8 1257 1096 1259
2627 2 2 4 8 303 302 304
2628 2 2 4 8 1067 885 1269
2629 2 2 4 8 1215 1389 2104
2630 2 2 4 8 1121 313 1869
2631 2 2 4 8 424 422 1829
2632 2 2 4 8 158 159 1838
2633 2 2 4 8 1042 945 1086
2634 2 2 4 8 814 619 1753
2635 2 2 4 8 353 352 354
2636 2 2 4 8 830 828 914
2637 2 2 4 8 622 621 623
2638 2 2 4 8 800 762 987
2639 2 2 4 8 149 150 244
2640 2 2 4 8 971 973 974
2641 2 2 4 8 438 436 439
2642 2 2 4 8 422 421 1028
2643 2 2 4 8 53 932 1834
2644 2 2 4 8 863 1018 1750
2645 2 2 4 8 974 973 975
2646 2 2 4 8 1338 1069 1629
2647 2 2 4 8 315 314 316
2648 2 2 4 8 446 444 447
2649 2 2 4 8 684 683 724
2650 2 2 4 8 393 682 1898
2651 2 2 4 8 547 546 548
2652 2 2 4 8 682 681 683
2653 2 2 4 8 725 724 726
2654 2 2 4 8 737 619 788
2655 2 2 4 8 1268 1824 1825
2656 2 2 4 8 1174 1086 1198
2657 2 2 4 8 586 587 588
2658 2 2 4 8 778 849 939
2659 2 2 4 8 939 1056 1221
2660 2 2 4 8 898 899 900
2661 2 2 4 8 1359 1086 1850
2662 2 2 4 8 975 978 1876
2663 2 2 4 8 324 322 1759
2664 2 2 4 8 161 162 759
2665 2 2 4 8 721 717 722
2666 2 2 4 8 361 362 844
2667 2 2 4 8 40 41 1859
2668 2 2 4 8 1067 1318 1319
2669 2 2 4 8 551 550 557
2670 2 2 4 8 434 432 435
2671 2 2 4 8 1040 1287 1833
2672 2 2 4 8 387 1573 1908
2673 2 2 4 8 820 934 1000
2674 2 2 4 8 359 360 361
2675 2 2 4 8 618 617 619
2676 2 2 4 8 966 1097 1184
2677 2 2 4 8 778 848 849
2678 2 2 4 8 549 548 550
2679 2 2 4 8 778 722 848
2680 2 2 4 8 1215 1388 1389
2681 2 2 4 8 24 25 723
2682 2 2 4 8 1000 1070 1247
2683 2 2 4 8 828 826 1802
2684 2 2 4 8 428 427 429
2685 2 2 4 8 1206 1208 1209
2686 2 2 4 8 650 652 1014
2687 2 2 4 8 743 720 776
2688 2 2 4 8 1363 1087 1364
2689 2 2 4 8 341 340 342
2690 2 2 4 8 594 947 1795
2691 2 2 4 8 1514 1513 1515
2692 2 2 4 8 388 387 1908
2693 2 2 4 8 647 650 1891
2694 2 2 4 8 1321 1322 1330
2695 2 2 4 8 430 429 611
2696 2 2 4 8 826 825 1005
2697 2 2 4 8 1822 654 1828
2698 2 2 4 8 308 310 311
2699 2 2 4 8 724 683 913
2700 2 2 4 8 902 903 904
2701 2 2 4 8 406 405 1862
2702 2 2 4 8 362 364 1836
2703 2 2 4 8 853 788 854
2704 2 2 4 8 1324 1103 1498
2705 2 2 4 8 1229 1182 1230
2706 2 2 4 8 914 828 1802
2707 2 2 4 8 1068 1367 1807
2708 2 2 4 8 1483 1253 1484
2709 2 2 4 8 1272 1238 1334
2710 2 2 4 8 323 322 324
2711 2 2 4 8 776 885 945
2712 2 2 4 8 325 324 326
2713 2 2 4 8 440 439 441
2714 2 2 4 8 1056 1289 1290
2715 2 2 4 8 1274 842 1914
2716 2 2 4 8 1040 1286 1287
2717 2 2 4 8 368 370 371
2718 2 2 4 8 1000 1247 1837
2719 2 2 4 8 654 648 1828
2720 2 2 4 8 676 409 713
2721 2 2 4 8 268 27 1843
2722 2 2 4 8 756 755 865
2723 2 2 4 8 344 345 346
2724 2 2 4 8 619 617 1753
2725 2 2 4 8 919 1683 2043
2726 2 2 4 8 1176 1235 1355
2727 2 2 4 8 749 740 1044
2728 2 2 4 8 721 722 778
2729 2 2 4 8 593 591 1814
2730 2 2 4 8 1198 1086 1359
2731 2 2 4 8 978 985 1876
2732 2 2 4 8 1131 1328 1360
2733 2 2 4 8 329 328 330
2734 2 2 4 8 1154 1045 1182
2735 2 2 4 8 1220 1055 1731
2736 2 2 4 8 1028 421 1029
2737 2 2 4 8 1046 854 1047
2738 2 2 4 8 716 717 718
2739 2 2 4 8 768 918 1912
2740 2 2 4 8 866 865 993
2741 2 2 4 8 1067 1319 1850
2742 2 2 4 8 1131 1144 1328
2743 2 2 4 8 1298 1198 1350
2744 2 2 4 8 502 499 1958
2745 2 2 4 8 571 570 572
2746 2 2 4 8 1173 1472 1903
2747 2 2 4 8 1023 1119 1871
2748 2 2 4 8 714 715 716
2749 2 2 4 8 568 570 571
2750 2 2 4 8 641 635 831
2751 2 2 4 8 532 534 1002
2752 2 2 4 8 377 375 1881
2753 2 2 4 8 1114 626 1745
2754 2 2 4 8 1148 691 1919
2755 2 2 4 8 571 572 573
2756 2 2 4 8 676 713 714
2757 2 2 4 8 1085 1577 1776
2758 2 2 4 8 620 622 1128
2759 2 2 4 8 888 875 889
2760 2 2 4 8 714 713 715
2761 2 2 4 8 776 720 885
2762 2 2 4 8 837 819 1096
2763 2 2 4 8 788 619 814
2764 2 2 4 8 1530 1285 1640
2765 2 2 4 8 1583 1582 2002
2766 2 2 4 8 1643 1641 1644
2767 2 2 4 8 552 553 554
2768 2 2 4 8 379 1701 1872
2769 2 2 4 8 575 576 816
2770 2 2 4 8 712 711 783
2771 2 2 4 8 834 832 1007
2772 2 2 4 8 732 569 779
2773 2 2 4 8 1014 652 1912
2774 2 2 4 8 837 1257 1258
2775 2 2 4 8 23 24 1877
2776 2 2 4 8 682 1880 1898
2777 2 2 4 8 19 20 281
2778 2 2 4 8 1135 397 1898
2779 2 2 4 8 939 849 1056
2780 2 2 4 8 1483 1484 1489
2781 2 2 4 8 1913 1806 1987
2782 2 2 4 8 1340 1332 1341
2783 2 2 4 8 337 336 338
2784 2 2 4 8 1113 1264 1677
2785 2 2 4 8 92 1774 1775
2786 2 2 4 8 906 907 908
2787 2 2 4 8 620 621 622
2788 2 2 4 8 1561 916 2029
2789 2 2 4 8 1289 849 1833
2790 2 2 4 8 1942 1020 1951
2791 2 2 4 8 681 391 1908
2792 2 2 4 8 697 701 775
2793 2 2 4 8 33 34 798
2794 2 2 4 8 894 892 895
2795 2 2 4 8 573 574 575
2796 2 2 4 8 1006 1251 1252
2797 2 2 4 8 415 412 1853
2798 2 2 4 8 1724 1913 1987
2799 2 2 4 8 843 842 1030
2800 2 2 4 8 917 1668 1982
2801 2 2 4 8 114 115 269
2802 2 2 4 8 36 37 250
2803 2 2 4 8 1175 1038 1283
2804 2 2 4 8 31 32 249
2805 2 2 4 8 718 717 721
2806 2 2 4 8 1209 1210 1211
2807 2 2 4 8 356 358 359
2808 2 2 4 8 675 2050 2066
2809 2 2 4 8 1612 1614 1890
2810 2 2 4 8 818 867 1757
2811 2 2 4 8 898 896 899
2812 2 2 4 8 1050 941 1083
2813 2 2 4 8 661 663 1020
2814 2 2 4 8 943 510 1904
2815 2 2 4 8 167 168 773
2816 2 2 4 8 1020 1673 1952
2817 2 2 4 8 987 762 1894
2818 2 2 4 8 39 40 746
2819 2 2 4 8 629 636 1930
2820 2 2 4 8 1224 989 1225
2821 2 2 4 8 1419 1212 1420
2822 2 2 4 8 918 1093 1094
2823 2 2 4 8 1172 1173 1481
2824 2 2 4 8 41 42 251
2825 2 2 4 8 611 612 613
2826 2 2 4 8 1860 703 1861
2827 2 2 4 8 835 818 1092
2828 2 2 4 8 1019 864 1104
2829 2 2 4 8 930 879 941
2830 2 2 4 8 1389 1388 1390
2831 2 2 4 8 350 352 353
2832 2 2 4 8 405 403 1157
2833 2 2 4 8 1304 993 1305
2834 2 2 4 8 1303 873 1815
2835 2 2 4 8 295 513 1818
2836 2 2 4 8 1279 847 1280
2837 2 2 4 8 985 980 1057
2838 2 2 4 8 902 900 903
2839 2 2 4 8 52 53 1834
2840 2 2 4 8 762 744 1894
2841 2 2 4 8 995 1295 1296
2842 2 2 4 8 1349 1312 1482
2843 2 2 4 8 758 654 1822
2844 2 2 4 8 1183 1083 1200
2845 2 2 4 8 615 614 616
2846 2 2 4 8 716 715 717
2847 2 2 4 8 890 889 891
2848 2 2 4 8 335 334 336
2849 2 2 4 8 715 1149 1949
2850 2 2 4 8 844 362 1836
2851 2 2 4 8 527 1821 1870
2852 2 2 4 8 441 842 843
2853 2 2 4 8 771 1594 2071
2854 2 2 4 8 1047 1087 1214
2855 2 2 4 8 1170 1171 1172
2856 2 2 4 8 617 616 620
2857 2 2 4 8 736 1036 1048
2858 2 2 4 8 1640 309 1973
2859 2 2 4 8 391 388 1908
2860 2 2 4 8 496 497 498
2861 2 2 4 8 646 1115 1828
2862 2 2 4 8 349 348 350
2863 2 2 4 8 613 614 615
2864 2 2 4 8 1214 1087 1363
2865 2 2 4 8 939 1221 2001
2866 2 2 4 8 1255 1460 1461
2867 2 2 4 8 836 758 1822
2868 2 2 4 8 346 1004 1792
2869 2 2 4 8 790 789 870
2870 2 2 4 8 1197 1790 1823
2871 2 2 4 8 155 156 1839
2872 2 2 4 8 705 1141 1897
2873 2 2 4 8 1125 1167 1281
2874 2 2 4 8 1127 645 1891
2875 2 2 4 8 1130 1129 1131
2876 2 2 4 8 543 1873 1998
2877 2 2 4 8 787 820 821
2878 2 2 4 8 22 23 272
2879 2 2 4 8 978 977 979
2880 2 2 4 8 1260 1092 1262
2881 2 2 4 8 945 885 1067
2882 2 2 4 8 658 661 1942
2883 2 2 4 8 892 891 1910
2884 2 2 4 8 676 1140 1853
2885 2 2 4 8 397 394 1898
2886 2 2 4 8 928 1293 1924
2887 2 2 4 8 28 686 1843
2888 2 2 4 8 685 1166 1875
2889 2 2 4 8 1296 1447 1486
2890 2 2 4 8 1128 1129 1130
2891 2 2 4 8 871 870 872
2892 2 2 4 8 1607 1124 1951
2893 2 2 4 8 1203 1202 1429
2894 2 2 4 8 1342 1341 1534
2895 2 2 4 8 617 620 1753
2896 2 2 4 8 1367 1368 1369
2897 2 2 4 8 1034 1270 1271
2898 2 2 4 8 494 493 495
2899 2 2 4 8 615 616 617
2900 2 2 4 8 484 483 489
2901 2 2 4 8 963 961 964
2902 2 2 4 8 353 354 704
2903 2 2 4 8 1217 2008 2031
2904 2 2 4 8 560 559 879
2905 2 2 4 8 1054 804 1163
2906 2 2 4 8 605 603 1826
2907 2 2 4 8 738 734 924
2908 2 2 4 8 1201 1200 1202
2909 2 2 4 8 556 555 559
2910 2 2 4 8 1028 1029 1278
2911 2 2 4 8 1143 1982 2020
2912 2 2 4 8 843 1030 1034
2913 2 2 4 8 246 160 1888
2914 2 2 4 8 34 35 1868
2915 2 2 4 8 542 823 824
2916 2 2 4 8 803 708 1907
2917 2 2 4 8 1151 1550 1901
2918 2 2 4 8 538 536 1010
2919 2 2 4 8 848 1040 1833
2920 2 2 4 8 1360 1328 1414
2921 2 2 4 8 922 1949 1971
2922 2 2 4 8 338 340 341
2923 2 2 4 8 1142 1094 1170
2924 2 2 4 8 959 960 961
2925 2 2 4 8 1783 1781 1784
2926 2 2 4 8 918 1094 1142
2927 2 2 4 8 42 43 1895
2928 2 2 4 8 112 113 747
2929 2 2 4 8 1495 1138 1496
2930 2 2 4 8 1005 825 1138
2931 2 2 4 8 1608 1951 1952
2932 2 2 4 8 742 741 789
2933 2 2 4 8 995 907 1294
2934 2 2 4 8 353 704 705
2935 2 2 4 8 692 691 693
2936 2 2 4 8 648 646 1828
2937 2 2 4 8 791 861 946
2938 2 2 4 8 567 566 568
2939 2 2 4 8 613 612 614
2940 2 2 4 8 1701 381 2127
2941 2 2 4 8 550 548 1995
2942 2 2 4 8 441 439 842
2943 2 2 4 8 995 1296 1932
2944 2 2 4 8 623 852 1909
2945 2 2 4 8 1034 1030 1270
2946 2 2 4 8 1370 1371 1408
2947 2 2 4 8 38 39 1882
2948 2 2 4 8 1759 1612 1890
2949 2 2 4 8 611 429 612
2950 2 2 4 8 436 435 1914
2951 2 2 4 8 508 753 1904
2952 2 2 4 8 1005 1138 1495
2953 2 2 4 8 633 1718 1906
2954 2 2 4 8 1200 1083 1354
2955 2 2 4 8 1999 447 2047
2956 2 2 4 8 545 1124 1934
2957 2 2 4 8 439 436 1914
2958 2 2 4 8 873 872 1060
2959 2 2 4 8 1257 1259 1664
2960 2 2 4 8 326 328 329
2961 2 2 4 8 1154 1182 1229
2962 2 2 4 8 349 350 1897
2963 2 2 4 8 554 553 555
2964 2 2 4 8 826 1005 1802
2965 2 2 4 8 1047 854 1087
2966 2 2 4 8 846 1175 1931
2967 2 2 4 8 975 977 978
2968 2 2 4 8 1345 1217 2031
2969 2 2 4 8 317 316 318
2970 2 2 4 8 320 322 323
2971 2 2 4 8 725 745 1911
2972 2 2 4 8 693 691 1148
2973 2 2 4 8 906 904 907
2974 2 2 4 8 645 647 1891
2975 2 2 4 8 563 564 565
2976 2 2 4 8 1032 844 1125
2977 2 2 4 8 1136 1266 1806
2978 2 2 4 8 1283 2026 2086
2979 2 2 4 8 882 785 1051
2980 2 2 4 8 1251 1023 1253
2981 2 2 4 8 1019 1162 1987
2982 2 2 4 8 753 754 812
2983 2 2 4 8 567 568 569
2984 2 2 4 8 364 367 1836
2985 2 2 4 8 992 863 1750
2986 2 2 4 8 941 879 1071
2987 2 2 4 8 1076 1326 1402
2988 2 2 4 8 394 393 1898
2989 2 2 4 8 565 566 567
2990 2 2 4 8 1229 1230 1370
2991 2 2 4 8 43 44 774
2992 2 2 4 8 224 225 284
2993 2 2 4 8 1948 1841 1991
2994 2 2 4 8 559 555 876
2995 2 2 4 8 409 406 1862
2996 2 2 4 8 588 594 595
2997 2 2 4 8 749 1044 1045
2998 2 2 4 8 1831 1132 1832
2999 2 2 4 8 1544 1543 1545
3000 2 2 4 8 254 52 1834
3001 2 2 4 8 1123 613 1920
3002 2 2 4 8 1006 921 1023
3003 2 2 4 8 1584 1135 1880
3004 2 2 4 8 1174 1298 2096
3005 2 2 4 8 982 1072 1158
3006 2 2 4 8 713 409 1862
3007 2 2 4 8 1032 1125 1178
3008 2 2 4 8 709 708 710
3009 2 2 4 8 361 844 1032
3010 2 2 4 8 825 593 1814
3011 2 2 4 8 922 722 1949
3012 2 2 4 8 1253 1023 1871
3013 2 2 4 8 565 564 566
3014 2 2 4 8 422 1028 1829
3015 2 2 4 8 705 704 706
3016 2 2 4 8 707 708 709
3017 2 2 4 8 705 706 707
3018 2 2 4 8 1313 1314 1352
3019 2 2 4 8 350 353 1897
3020 2 2 4 8 744 771 1894
3021 2 2 4 8 400 398 1900
3022 2 2 4 8 1041 922 1971
3023 2 2 4 8 1057 1058 1313
3024 2 2 4 8 205 206 797
3025 2 2 4 8 1196 988 1896
3026 2 2 4 8 1582 1581 1805
3027 2 2 4 8 347 349 1277
3028 2 2 4 8 627 629 1930
3029 2 2 4 8 636 638 1013
3030 2 2 4 8 340 339 1926
3031 2 2 4 8 636 1013 1930
3032 2 2 4 8 347 346 348
3033 2 2 4 8 1737 459 1830
3034 2 2 4 8 557 561 769
3035 2 2 4 8 1429 1202 1435
3036 2 2 4 8 1657 1652 1964
3037 2 2 4 8 873 1060 1815
3038 2 2 4 8 978 979 980
3039 2 2 4 8 995 1294 1295
3040 2 2 4 8 1496 1138 1927
3041 2 2 4 8 207 208 274
3042 2 2 4 8 667 665 1939
3043 2 2 4 8 1057 980 1058
3044 2 2 4 8 711 710 752
3045 2 2 4 8 1251 1253 1483
3046 2 2 4 8 565 567 1832
3047 2 2 4 8 552 551 553
3048 2 2 4 8 952 860 1053
3049 2 2 4 8 412 410 1853
3050 2 2 4 8 784 882 953
3051 2 2 4 8 895 892 1910
3052 2 2 4 8 915 299 1933
3053 2 2 4 8 563 453 564
3054 2 2 4 8 1006 1023 1251
3055 2 2 4 8 784 702 785
3056 2 2 4 8 709 710 711
3057 2 2 4 8 549 551 552
3058 2 2 4 8 642 818 835
3059 2 2 4 8 865 755 957
3060 2 2 4 8 35 36 1866
3061 2 2 4 8 1853 1140 1953
3062 2 2 4 8 859 794 860
3063 2 2 4 8 1723 1813 2034
3064 2 2 4 8 1128 622 1129
3065 2 2 4 8 1296 1295 1447
3066 2 2 4 8 1154 1229 1231
3067 2 2 4 8 749 1045 1153
3068 2 2 4 8 959 910 960
3069 2 2 4 8 707 706 708
3070 2 2 4 8 488 482 1746
3071 2 2 4 8 371 1948 1991
3072 2 2 4 8 417 415 1953
3073 2 2 4 8 498 499 500
3074 2 2 4 8 806 1761 1996
3075 2 2 4 8 317 318 691
3076 2 2 4 8 24 723 1877
3077 2 2 4 8 160 161 1888
3078 2 2 4 8 373 546 547
3079 2 2 4 8 697 695 698
3080 2 2 4 8 427 1829 1943
3081 2 2 4 8 1037 1254 1255
3082 2 2 4 8 206 207 1899
3083 2 2 4 8 656 658 1942
3084 2 2 4 8 1540 1541 1543
3085 2 2 4 8 891 1150 1499
3086 2 2 4 8 332 334 335
3087 2 2 4 8 908 907 995
3088 2 2 4 8 1015 1746 2002
3089 2 2 4 8 849 848 1833
3090 2 2 4 8 405 1157 1863
3091 2 2 4 8 315 316 317
3092 2 2 4 8 1645 1001 2140
3093 2 2 4 8 1002 1003 1250
3094 2 2 4 8 573 575 817
3095 2 2 4 8 1845 609 1915
3096 2 2 4 8 1837 1247 1940
3097 2 2 4 8 1305 1306 1351
3098 2 2 4 8 2074 276 2134
3099 2 2 4 8 530 531 736
3100 2 2 4 8 891 889 1150
3101 2 2 4 8 341 342 729
3102 2 2 4 8 701 698 702
3103 2 2 4 8 452 455 1934
3104 2 2 4 8 459 456 1812
3105 2 2 4 8 867 1446 1757
3106 2 2 4 8 410 676 1853
3107 2 2 4 8 946 1074 1188
3108 2 2 4 8 1964 992 1965
3109 2 2 4 8 1279 1280 1548
3110 2 2 4 8 846 847 1038
3111 2 2 4 8 875 834 1935
3112 2 2 4 8 1313 1058 1314
3113 2 2 4 8 1036 531 1159
3114 2 2 4 8 842 439 1914
3115 2 2 4 8 1305 993 1306
3116 2 2 4 8 720 718 1916
3117 2 2 4 8 534 535 2013
3118 2 2 4 8 547 1840 1948
3119 2 2 4 8 323 324 325
3120 2 2 4 8 335 337 1155
3121 2 2 4 8 823 801 921
3122 2 2 4 8 1352 1314 1353
3123 2 2 4 8 1004 1256 1792
3124 2 2 4 8 479 478 481
3125 2 2 4 8 746 40 1859
3126 2 2 4 8 337 338 1928
3127 2 2 4 8 1270 2022 2036
3128 2 2 4 8 988 1321 1896
3129 2 2 4 8 1299 1048 1300
3130 2 2 4 8 682 684 1880
3131 2 2 4 8 696 695 697
3132 2 2 4 8 325 326 1931
3133 2 2 4 8 1144 1129 1909
3134 2 2 4 8 326 329 1931
3135 2 2 4 8 1963 1148 1978
3136 2 2 4 8 1261 1479 1480
3137 2 2 4 8 694 693 695
3138 2 2 4 8 961 960 1929
3139 2 2 4 8 823 921 1006
3140 2 2 4 8 928 1017 1037
3141 2 2 4 8 1036 1159 1276
3142 2 2 4 8 717 715 1949
3143 2 2 4 8 1499 1150 1500
3144 2 2 4 8 329 330 727
3145 2 2 4 8 463 460 1737
3146 2 2 4 8 835 1092 1260
3147 2 2 4 8 335 336 337
3148 2 2 4 8 500 501 503
3149 2 2 4 8 1738 974 2008
3150 2 2 4 8 952 1053 1081
3151 2 2 4 8 41 251 1859
3152 2 2 4 8 495 493 1015
3153 2 2 4 8 870 789 948
3154 2 2 4 8 1468 292 1469
3155 2 2 4 8 153 154 1849
3156 2 2 4 8 329 727 846
3157 2 2 4 8 459 1812 1830
3158 2 2 4 8 547 548 549
3159 2 2 4 8 353 705 1897
3160 2 2 4 8 1153 1045 1154
3161 2 2 4 8 1138 825 1814
3162 2 2 4 8 1014 1912 1981
3163 2 2 4 8 966 964 1097
3164 2 2 4 8 738 924 1936
3165 2 2 4 8 735 738 739
3166 2 2 4 8 226 227 1467
3167 2 2 4 8 741 740 749
3168 2 2 4 8 341 729 730
3169 2 2 4 8 739 740 741
3170 2 2 4 8 35 1866 1868
3171 2 2 4 8 835 1260 1261
3172 2 2 4 8 793 507 794
3173 2 2 4 8 889 875 1935
3174 2 2 4 8 338 341 1928
3175 2 2 4 8 824 823 1918
3176 2 2 4 8 1267 1137 1772
3177 2 2 4 8 613 615 1920
3178 2 2 4 8 1145 1984 2020
3179 2 2 4 8 858 1136 1913
3180 2 2 4 8 144 243 1864
3181 2 2 4 8 347 348 349
3182 2 2 4 8 1816 1014 1981
3183 2 2 4 8 1461 1460 1462
3184 2 2 4 8 739 738 740
3185 2 2 4 8 736 531 1036
3186 2 2 4 8 1137 1199 1772
3187 2 2 4 8 635 633 1906
3188 2 2 4 8 371 373 1948
3189 2 2 4 8 730 734 735
3190 2 2 4 8 918 1142 1912
3191 2 2 4 8 1038 847 1279
3192 2 2 4 8 318 320 1919
3193 2 2 4 8 541 540 542
3194 2 2 4 8 891 1499 1910
3195 2 2 4 8 701 784 1956
3196 2 2 4 8 136 703 1860
3197 2 2 4 8 834 1007 1935
3198 2 2 4 8 496 495 497
3199 2 2 4 8 846 727 847
3200 2 2 4 8 730 1147 1928
3201 2 2 4 8 542 540 801
3202 2 2 4 8 822 605 1826
3203 2 2 4 8 251 42 1895
3204 2 2 4 8 964 961 1929
3205 2 2 4 8 1236 1419 1430
3206 2 2 4 8 549 550 551
3207 2 2 4 8 1879 766 2023
3208 2 2 4 8 1481 1173 1903
3209 2 2 4 8 615 618 1920
3210 2 2 4 8 344 346 347
3211 2 2 4 8 999 811 1905
3212 2 2 4 8 989 541 1847
3213 2 2 4 8 1271 2055 2062
3214 2 2 4 8 429 427 1943
3215 2 2 4 8 1814 1012 1927
3216 2 2 4 8 735 734 738
3217 2 2 4 8 913 683 1986
3218 2 2 4 8 1143 1870 1982
3219 2 2 4 8 1044 740 1936
3220 2 2 4 8 1211 1239 1241
3221 2 2 4 8 110 111 276
3222 2 2 4 8 272 23 1877
3223 2 2 4 8 778 939 1966
3224 2 2 4 8 730 729 734
3225 2 2 4 8 691 318 1919
3226 2 2 4 8 681 1908 1986
3227 2 2 4 8 1800 307 2083
3228 2 2 4 8 1473 1250 1801
3229 2 2 4 8 859 952 1079
3230 2 2 4 8 1006 1252 1918
3231 2 2 4 8 1060 872 1212
3232 2 2 4 8 588 595 838
3233 2 2 4 8 1247 1474 1940
3234 2 2 4 8 1296 1486 2000
3235 2 2 4 8 1310 1688 1985
3236 2 2 4 8 448 447 1999
3237 2 2 4 8 1060 1212 1236
3238 2 2 4 8 583 586 1867
3239 2 2 4 8 839 595 840
3240 2 2 4 8 697 698 701
3241 2 2 4 8 882 1051 1052
3242 2 2 4 8 561 791 1957
3243 2 2 4 8 1236 1212 1419
3244 2 2 4 8 864 667 1939
3245 2 2 4 8 1261 1260 1479
3246 2 2 4 8 542 801 823
3247 2 2 4 8 1158 1228 1335
3248 2 2 4 8 1862 405 1863
3249 2 2 4 8 245 155 1839
3250 2 2 4 8 1761 1760 1947
3251 2 2 4 8 1641 1640 1973
3252 2 2 4 8 498 497 499
3253 2 2 4 8 1104 864 1939
3254 2 2 4 8 831 635 1906
3255 2 2 4 8 839 841 928
3256 2 2 4 8 721 778 1966
3257 2 2 4 8 1777 1146 1989
3258 2 2 4 8 111 112 1923
3259 2 2 4 8 1269 1916 1966
3260 2 2 4 8 798 34 1868
3261 2 2 4 8 493 488 1746
3262 2 2 4 8 747 1884 1885
3263 2 2 4 8 1760 807 1947
3264 2 2 4 8 1116 581 1867
3265 2 2 4 8 831 1613 2064
3266 2 2 4 8 373 547 1948
3267 2 2 4 8 638 642 1922
3268 2 2 4 8 1514 1515 1516
3269 2 2 4 8 661 1020 1942
3270 2 2 4 8 784 785 882
3271 2 2 4 8 1254 1017 1448
3272 2 2 4 8 39 746 1882
3273 2 2 4 8 356 359 1921
3274 2 2 4 8 1372 1373 1374
3275 2 2 4 8 530 465 531
3276 2 2 4 8 936 1186 1193
3277 2 2 4 8 447 444 1854
3278 2 2 4 8 1275 1921 1983
3279 2 2 4 8 342 344 1962
3280 2 2 4 8 811 836 1905
3281 2 2 4 8 113 114 1883
3282 2 2 4 8 931 1749 1976
3283 2 2 4 8 1523 1520 1524
3284 2 2 4 8 1364 1087 1954
3285 2 2 4 8 800 1039 2040
3286 2 2 4 8 910 908 1932
3287 2 2 4 8 368 371 1991
3288 2 2 4 8 823 1006 1918
3289 2 2 4 8 1164 1177 2028
3290 2 2 4 8 740 738 1936
3291 2 2 4 8 329 846 1931
3292 2 2 4 8 130 131 275
3293 2 2 4 8 1854 442 1865
3294 2 2 4 8 813 754 927
3295 2 2 4 8 135 136 1860
3296 2 2 4 8 704 354 1921
3297 2 2 4 8 1420 1212 1946
3298 2 2 4 8 354 356 1921
3299 2 2 4 8 1132 565 1832
3300 2 2 4 8 581 583 1867
3301 2 2 4 8 506 502 507
3302 2 2 4 8 1156 612 1943
3303 2 2 4 8 1037 1017 1254
3304 2 2 4 8 819 991 1959
3305 2 2 4 8 609 787 1915
3306 2 2 4 8 642 835 1922
3307 2 2 4 8 479 481 483
3308 2 2 4 8 551 557 1886
3309 2 2 4 8 859 860 952
3310 2 2 4 8 241 135 1860
3311 2 2 4 8 232 233 1222
3312 2 2 4 8 1696 2066 2079
3313 2 2 4 8 501 499 502
3314 2 2 4 8 1255 1254 1460
3315 2 2 4 8 1150 889 1935
3316 2 2 4 8 1158 1072 1228
3317 2 2 4 8 982 981 983
3318 2 2 4 8 541 542 1847
3319 2 2 4 8 838 595 839
3320 2 2 4 8 749 1153 1937
3321 2 2 4 8 1519 1518 1520
3322 2 2 4 8 1512 1513 1514
3323 2 2 4 8 841 840 911
3324 2 2 4 8 1071 879 1944
3325 2 2 4 8 36 250 1866
3326 2 2 4 8 840 595 1795
3327 2 2 4 8 908 995 1932
3328 2 2 4 8 946 1188 1189
3329 2 2 4 8 320 323 1919
3330 2 2 4 8 1222 233 1674
3331 2 2 4 8 506 793 856
3332 2 2 4 8 701 702 784
3333 2 2 4 8 791 946 1957
3334 2 2 4 8 1189 1188 1361
3335 2 2 4 8 341 730 1928
3336 2 2 4 8 343 1926 1968
3337 2 2 4 8 876 555 1969
3338 2 2 4 8 821 820 1960
3339 2 2 4 8 1211 1241 1508
3340 2 2 4 8 417 1702 2015
3341 2 2 4 8 1741 1695 1967
3342 2 2 4 8 349 1897 1961
3343 2 2 4 8 727 330 1941
3344 2 2 4 8 1269 885 1916
3345 2 2 4 8 553 1886 1969
3346 2 2 4 8 1886 769 1887
3347 2 2 4 8 813 936 1878
3348 2 2 4 8 161 759 1888
3349 2 2 4 8 769 561 1957
3350 2 2 4 8 595 594 1795
3351 2 2 4 8 1000 1837 1960
3352 2 2 4 8 879 559 1944
3353 2 2 4 8 1134 812 1878
3354 2 2 4 8 93 262 1774
3355 2 2 4 8 444 442 1854
3356 2 2 4 8 612 429 1943
3357 2 2 4 8 1617 1618 2047
3358 2 2 4 8 974 1876 2008
3359 2 2 4 8 1746 1892 2002
3360 2 2 4 8 793 794 859
3361 2 2 4 8 1312 1310 1985
3362 2 2 4 8 501 502 506
3363 2 2 4 8 1886 1887 1969
3364 2 2 4 8 308 311 1972
3365 2 2 4 8 1277 349 1961
3366 2 2 4 8 2015 1702 2028
3367 2 2 4 8 928 841 1017
3368 2 2 4 8 508 509 753
3369 2 2 4 8 885 720 1916
3370 2 2 4 8 1149 1862 1863
3371 2 2 4 8 820 1000 1960
3372 2 2 4 8 128 129 1979
3373 2 2 4 8 1099 1143 1984
3374 2 2 4 8 540 538 1955
3375 2 2 4 8 1194 1400 1993
3376 2 2 4 8 1096 819 1959
3377 2 2 4 8 1029 421 2015
3378 2 2 4 8 1821 917 1982
3379 2 2 4 8 553 551 1886
3380 2 2 4 8 784 953 1956
3381 2 2 4 8 960 910 1932
3382 2 2 4 8 1125 1281 1974
3383 2 2 4 8 43 774 1895
3384 2 2 4 8 722 717 1949
3385 2 2 4 8 727 1941 2011
3386 2 2 4 8 557 769 1886
3387 2 2 4 8 418 417 2015
3388 2 2 4 8 492 494 1835
3389 2 2 4 8 698 695 1963
3390 2 2 4 8 538 1010 1955
3391 2 2 4 8 872 870 1946
3392 2 2 4 8 729 342 1962
3393 2 2 4 8 693 1148 1963
3394 2 2 4 8 1189 1361 1362
3395 2 2 4 8 1982 1668 2020
3396 2 2 4 8 154 245 1849
3397 2 2 4 8 787 821 1915
3398 2 2 4 8 508 489 509
3399 2 2 4 8 683 681 1986
3400 2 2 4 8 933 927 935
3401 2 2 4 8 1145 1748 1980
3402 2 2 4 8 361 1032 1983
3403 2 2 4 8 1163 1835 1996
3404 2 2 4 8 991 1246 1959
3405 2 2 4 8 854 788 1954
3406 2 2 4 8 835 1261 1922
3407 2 2 4 8 1746 482 1892
3408 2 2 4 8 500 499 501
3409 2 2 4 8 788 814 1954
3410 2 2 4 8 330 332 1941
3411 2 2 4 8 344 347 1962
3412 2 2 4 8 747 1885 1923
3413 2 2 4 8 559 876 1944
3414 2 2 4 8 207 274 1899
3415 2 2 4 8 555 553 1969
3416 2 2 4 8 506 507 793
3417 2 2 4 8 92 93 1774
3418 2 2 4 8 1897 1141 1961
3419 2 2 4 8 797 206 1899
3420 2 2 4 8 870 948 1946
3421 2 2 4 8 1503 1099 1984
3422 2 2 4 8 1163 804 1835
3423 2 2 4 8 435 1844 1990
3424 2 2 4 8 804 492 1835
3425 2 2 4 8 1921 359 1983
3426 2 2 4 8 789 741 1937
3427 2 2 4 8 1983 1032 2016
3428 2 2 4 8 1668 1117 2020
3429 2 2 4 8 1644 1641 1973
3430 2 2 4 8 1097 964 1929
3431 2 2 4 8 1300 2103 2119
3432 2 2 4 8 839 840 841
3433 2 2 4 8 1136 1806 1913
3434 2 2 4 8 1920 1160 2009
3435 2 2 4 8 1138 1814 1927
3436 2 2 4 8 1013 638 1922
3437 2 2 4 8 1058 980 1994
3438 2 2 4 8 741 749 1937
3439 2 2 4 8 1639 564 2014
3440 2 2 4 8 112 747 1923
3441 2 2 4 8 1966 939 2001
3442 2 2 4 8 850 502 1958
3443 2 2 4 8 1280 847 2011
3444 2 2 4 8 982 983 1072
3445 2 2 4 8 1863 1157 2017
3446 2 2 4 8 532 1002 1988
3447 2 2 4 8 948 789 1937
3448 2 2 4 8 335 1155 1941
3449 2 2 4 8 1943 1829 2007
3450 2 2 4 8 367 368 1991
3451 2 2 4 8 1191 1163 1996
3452 2 2 4 8 845 1796 2035
3453 2 2 4 8 1161 1561 2029
3454 2 2 4 8 132 796 1925
3455 2 2 4 8 403 400 1900
3456 2 2 4 8 513 532 1988
3457 2 2 4 8 747 113 1883
3458 2 2 4 8 1225 989 1847
3459 2 2 4 8 1074 1076 1950
3460 2 2 4 8 307 308 1972
3461 2 2 4 8 801 540 1955
3462 2 2 4 8 548 1122 1995
3463 2 2 4 8 1087 854 1954
3464 2 2 4 8 1028 1278 2007
3465 2 2 4 8 1178 1125 1974
3466 2 2 4 8 1188 1074 1950
3467 2 2 4 8 979 982 1994
3468 2 2 4 8 347 1277 1962
3469 2 2 4 8 131 132 1925
3470 2 2 4 8 1212 872 1946
3471 2 2 4 8 114 269 1883
3472 2 2 4 8 1528 1527 1620
3473 2 2 4 8 1003 1508 2081
3474 2 2 4 8 1146 1736 2003
3475 2 2 4 8 1162 1724 1987
3476 2 2 4 8 1951 1020 1952
3477 2 2 4 8 1157 403 1900
3478 2 2 4 8 337 1928 1997
3479 2 2 4 8 813 933 936
3480 2 2 4 8 1867 586 2012
3481 2 2 4 8 1372 1225 1373
3482 2 2 4 8 2022 1160 2036
3483 2 2 4 8 1119 2060 2075
3484 2 2 4 8 359 361 1983
3485 2 2 4 8 1168 1798 2048
3486 2 2 4 8 1939 1777 1989
3487 2 2 4 8 1197 1823 1889
3488 2 2 4 8 1561 1104 1989
3489 2 2 4 8 1008 970 1590
3490 2 2 4 8 1941 1155 2011
3491 2 2 4 8 332 335 1941
3492 2 2 4 8 1482 1312 1985
3493 2 2 4 8 1870 1821 1982
3494 2 2 4 8 1076 1402 1950
3495 2 2 4 8 556 560 2073
3496 2 2 4 8 982 1158 1994
3497 2 2 4 8 946 1189 1957
3498 2 2 4 8 752 2129 2132
3499 2 2 4 8 695 693 1963
3500 2 2 4 8 451 448 1999
3501 2 2 4 8 2076 926 2078
3502 2 2 4 8 1908 1573 1986
3503 2 2 4 8 1273 1250 1473
3504 2 2 4 8 1692 1608 1970
3505 2 2 4 8 1148 1919 1977
3506 2 2 4 8 687 143 1864
3507 2 2 4 8 1100 726 2046
3508 2 2 4 8 1519 1520 1523
3509 2 2 4 8 1149 1863 1971
3510 2 2 4 8 1932 1296 2000
3511 2 2 4 8 1912 1142 1981
3512 2 2 4 8 1275 1983 2016
3513 2 2 4 8 747 1883 1884
3514 2 2 4 8 1955 1730 2060
3515 2 2 4 8 465 463 2006
3516 2 2 4 8 1669 509 2010
3517 2 2 4 8 143 144 1864
3518 2 2 4 8 1159 531 2006
3519 2 2 4 8 737 853 2036
3520 2 2 4 8 980 979 1994
3521 2 2 4 8 1148 1977 1978
3522 2 2 4 8 1002 1250 1273
3523 2 2 4 8 1104 1939 1989
3524 2 2 4 8 276 111 1923
3525 2 2 4 8 812 754 813
3526 2 2 4 8 323 325 1977
3527 2 2 4 8 108 109 728
3528 2 2 4 8 851 845 1992
3529 2 2 4 8 924 734 2019
3530 2 2 4 8 1971 1863 2017
3531 2 2 4 8 1155 337 1997
3532 2 2 4 8 1241 1444 1445
3533 2 2 4 8 753 509 754
3534 2 2 4 8 1002 1273 1988
3535 2 2 4 8 1156 1943 2007
3536 2 2 4 8 1402 1326 1424
3537 2 2 4 8 1270 1030 2022
3538 2 2 4 8 127 128 505
3539 2 2 4 8 1297 2089 2106
3540 2 2 4 8 491 804 805
3541 2 2 4 8 813 927 933
3542 2 2 4 8 812 813 1878
3543 2 2 4 8 451 1999 2014
3544 2 2 4 8 1123 1920 2009
3545 2 2 4 8 1618 1999 2047
3546 2 2 4 8 1279 1538 2130
3547 2 2 4 8 1818 513 1988
3548 2 2 4 8 1919 323 1977
3549 2 2 4 8 2054 1480 2080
3550 2 2 4 8 960 1932 2000
3551 2 2 4 8 1876 1272 2008
3552 2 2 4 8 1448 1017 1975
3553 2 2 4 8 1928 1147 1997
3554 2 2 4 8 935 1181 1327
3555 2 2 4 8 1096 1959 2051
3556 2 2 4 8 275 131 1925
3557 2 2 4 8 588 838 2012
3558 2 2 4 8 1929 960 2000
3559 2 2 4 8 1489 1484 2005
3560 2 2 4 8 1211 1508 1998
3561 2 2 4 8 1269 1966 2001
3562 2 2 4 8 769 1957 2025
3563 2 2 4 8 1873 1209 1998
3564 2 2 4 8 1829 1028 2007
3565 2 2 4 8 1374 1373 1375
3566 2 2 4 8 1314 2038 2053
3567 2 2 4 8 1865 1165 2056
3568 2 2 4 8 1072 983 1078
3569 2 2 4 8 936 933 1186
3570 2 2 4 8 531 465 2006
3571 2 2 4 8 841 911 1975
3572 2 2 4 8 129 130 1938
3573 2 2 4 8 1742 1026 2034
3574 2 2 4 8 554 556 2067
3575 2 2 4 8 535 543 2013
3576 2 2 4 8 1167 1836 2030
3577 2 2 4 8 292 228 1476
3578 2 2 4 8 421 418 2015
3579 2 2 4 8 729 1962 2019
3580 2 2 4 8 1517 1519 1525
3581 2 2 4 8 2092 1615 2100
3582 2 2 4 8 1032 1178 2016
3583 2 2 4 8 2007 1278 2035
3584 2 2 4 8 1972 311 2088
3585 2 2 4 8 2008 1272 2031
3586 2 2 4 8 1728 1800 2075
3587 2 2 4 8 1041 1971 2017
3588 2 2 4 8 1318 1269 2001
3589 2 2 4 8 1914 435 1990
3590 2 2 4 8 463 1737 2006
3591 2 2 4 8 1119 921 2060
3592 2 2 4 8 1892 1583 2002
3593 2 2 4 8 1209 1211 1998
3594 2 2 4 8 1490 1161 2029
3595 2 2 4 8 1887 769 2025
3596 2 2 4 8 1017 841 1975
3597 2 2 4 8 1274 1914 1990
3598 2 2 4 8 489 483 2010
3599 2 2 4 8 1517 1516 1518
3600 2 2 4 8 284 225 2033
3601 2 2 4 8 1978 1977 2027
3602 2 2 4 8 1517 1518 1519
3603 2 2 4 8 1479 1260 2021
3604 2 2 4 8 847 727 2011
3605 2 2 4 8 367 1991 2030
3606 2 2 4 8 564 453 2014
3607 2 2 4 8 483 2004 2010
3608 2 2 4 8 586 588 2012
3609 2 2 4 8 225 226 2033
3610 2 2 4 8 2055 1671 2062
3611 2 2 4 8 1907 1275 2016
3612 2 2 4 8 1512 1514 2018
3613 2 2 4 8 1302 1301 2109
3614 2 2 4 8 1024 763 2101
3615 2 2 4 8 1261 1480 2054
3616 2 2 4 8 724 913 2046
3617 2 2 4 8 1977 325 2027
3618 2 2 4 8 339 1754 2080
3619 2 2 4 8 1341 1879 2023
3620 2 2 4 8 1260 1262 2021
3621 2 2 4 8 1030 1274 2022
3622 2 2 4 8 832 831 2064
3623 2 2 4 8 1702 1164 2028
3624 2 2 4 8 1297 576 2055
3625 2 2 4 8 1157 1875 2017
3626 2 2 4 8 1314 1058 2038
3627 2 2 4 8 1962 1277 2019
3628 2 2 4 8 1514 1516 1517
3629 2 2 4 8 481 487 2004
3630 2 2 4 8 1265 1981 2050
3631 2 2 4 8 1957 1189 2025
3632 2 2 4 8 226 1467 2033
3633 2 2 4 8 1058 1994 2038
3634 2 2 4 8 509 489 2010
3635 2 2 4 8 1671 925 2052
3636 2 2 4 8 1680 1682 2097
3637 2 2 4 8 2117 1301 2124
3638 2 2 4 8 734 729 2019
3639 2 2 4 8 1970 1258 2024
3640 2 2 4 8 1931 1175 2027
3641 2 2 4 8 1584 1024 2072
3642 2 2 4 8 1258 1257 2024
3643 2 2 4 8 1088 1527 1528
3644 2 2 4 8 2090 1179 2114
3645 2 2 4 8 130 275 1938
3646 2 2 4 8 924 2019 2065
3647 2 2 4 8 1051 785 2026
3648 2 2 4 8 129 1938 1979
3649 2 2 4 8 1984 1143 2020
3650 2 2 4 8 1159 2006 2044
3651 2 2 4 8 1281 1167 2057
3652 2 2 4 8 1666 389 2087
3653 2 2 4 8 1847 824 2032
3654 2 2 4 8 805 804 1054
3655 2 2 4 8 453 451 2014
3656 2 2 4 8 1276 2076 2078
3657 2 2 4 8 1445 1455 2115
3658 2 2 4 8 1210 1208 2085
3659 2 2 4 8 803 2113 2125
3660 2 2 4 8 1534 1341 2023
3661 2 2 4 8 1272 1334 2031
3662 2 2 4 8 1610 672 2100
3663 2 2 4 8 1991 1841 2030
3664 2 2 4 8 1836 367 2030
3665 2 2 4 8 1274 2009 2022
3666 2 2 4 8 1160 737 2036
3667 2 2 4 8 1958 497 2063
3668 2 2 4 8 325 1931 2027
3669 2 2 4 8 790 871 2091
3670 2 2 4 8 483 481 2004
3671 2 2 4 8 1467 1470 2033
3672 2 2 4 8 1189 1362 2025
3673 2 2 4 8 1281 2057 2067
3674 2 2 4 8 2040 1039 2099
3675 2 2 4 8 2028 1177 2070
3676 2 2 4 8 1054 1187 1192
3677 2 2 4 8 2082 805 2098
3678 2 2 4 8 2005 1484 2093
3679 2 2 4 8 2077 1283 2086
3680 2 2 4 8 1830 1831 2044
3681 2 2 4 8 1257 1664 2024
3682 2 2 4 8 913 1986 2042
3683 2 2 4 8 1167 2030 2057
3684 2 2 4 8 919 2043 2068
3685 2 2 4 8 801 1955 2060
3686 2 2 4 8 2038 1335 2053
3687 2 2 4 8 1181 1180 2098
3688 2 2 4 8 992 1750 2039
3689 2 2 4 8 1286 1041 2061
3690 2 2 4 8 2067 556 2073
3691 2 2 4 8 1994 1158 2038
3692 2 2 4 8 1015 1805 2063
3693 2 2 4 8 1156 2007 2035
3694 2 2 4 8 505 128 1979
3695 2 2 4 8 1175 1283 2077
3696 2 2 4 8 1034 1271 2062
3697 2 2 4 8 1262 1466 2041
3698 2 2 4 8 1007 1615 2092
3699 2 2 4 8 852 1179 2096
3700 2 2 4 8 1271 1270 2049
3701 2 2 4 8 1965 992 2039
3702 2 2 4 8 733 756 2078
3703 2 2 4 8 1894 771 2071
3704 2 2 4 8 866 1304 2119
3705 2 2 4 8 2060 1730 2075
3706 2 2 4 8 1997 1857 2059
3707 2 2 4 8 1286 2061 2072
3708 2 2 4 8 2021 1262 2041
3709 2 2 4 8 2006 1737 2044
3710 2 2 4 8 1796 1156 2035
3711 2 2 4 8 785 702 2086
3712 2 2 4 8 1818 1988 2043
3713 2 2 4 8 1573 1574 2042
3714 2 2 4 8 1803 1013 2054
3715 2 2 4 8 2089 1046 2106
3716 2 2 4 8 2001 1221 2045
3717 2 2 4 8 1097 2150 2155
3718 2 2 4 8 447 1854 2047
3719 2 2 4 8 1253 1871 2088
3720 2 2 4 8 1158 1335 2038
3721 2 2 4 8 1617 2047 2056
3722 2 2 4 8 1680 2097 2112
3723 2 2 4 8 1803 2054 2080
3724 2 2 4 8 2009 1160 2022
3725 2 2 4 8 1293 2087 2112
3726 2 2 4 8 312 315 2093
3727 2 2 4 8 1507 1168 2048
3728 2 2 4 8 726 724 2046
3729 2 2 4 8 763 800 2040
3730 2 2 4 8 925 1617 2052
3731 2 2 4 8 495 1015 2063
3732 2 2 4 8 1988 1273 2043
3733 2 2 4 8 2030 1841 2057
3734 2 2 4 8 933 935 2037
3735 2 2 4 8 2102 1255 2131
3736 2 2 4 8 1259 1096 2051
3737 2 2 4 8 1683 1818 2043
3738 2 2 4 8 1871 1972 2088
3739 2 2 4 8 1042 1174 2090
3740 2 2 4 8 1041 2017 2061
3741 2 2 4 8 1165 1034 2062
3742 2 2 4 8 1225 1847 2032
3743 2 2 4 8 1801 1445 2115
3744 2 2 4 8 2036 853 2049
3745 2 2 4 8 752 1793 2144
3746 2 2 4 8 1300 1048 2103
3747 2 2 4 8 110 276 2074
3748 2 2 4 8 1831 926 2076
3749 2 2 4 8 1514 1517 2018
3750 2 2 4 8 1155 1997 2059
3751 2 2 4 8 1179 851 2108
3752 2 2 4 8 1986 1573 2042
3753 2 2 4 8 1841 1033 2057
3754 2 2 4 8 1981 1142 2050
3755 2 2 4 8 1353 1314 2053
3756 2 2 4 8 1013 1922 2054
3757 2 2 4 8 2061 1166 2072
3758 2 2 4 8 2075 1800 2083
3759 2 2 4 8 1371 1230 2058
3760 2 2 4 8 2017 1875 2061
3761 2 2 4 8 2019 1277 2065
3762 2 2 4 8 2099 1039 2122
3763 2 2 4 8 1500 1150 2092
3764 2 2 4 8 1142 1170 2050
3765 2 2 4 8 1460 1254 2069
3766 2 2 4 8 1737 1830 2044
3767 2 2 4 8 1230 1182 2123
3768 2 2 4 8 2049 1046 2089
3769 2 2 4 8 491 805 2082
3770 2 2 4 8 935 1327 2037
3771 2 2 4 8 1293 1037 2102
3772 2 2 4 8 1373 1225 2032
3773 2 2 4 8 1922 1261 2054
3774 2 2 4 8 2004 487 2082
3775 2 2 4 8 1508 1241 2081
3776 2 2 4 8 1961 1852 2065
3777 2 2 4 8 895 1529 2133
3778 2 2 4 8 576 1671 2055
3779 2 2 4 8 921 801 2060
3780 2 2 4 8 315 2005 2093
3781 2 2 4 8 109 110 2074
3782 2 2 4 8 2050 1170 2066
3783 2 2 4 8 1958 2063 2107
3784 2 2 4 8 1270 2036 2049
3785 2 2 4 8 1007 832 2064
3786 2 2 4 8 2070 1177 2108
3787 2 2 4 8 381 382 2121
3788 2 2 4 8 2044 1831 2076
3789 2 2 4 8 1280 2011 2059
3790 2 2 4 8 1186 933 2037
3791 2 2 4 8 497 495 2063
3792 2 2 4 8 728 109 2074
3793 2 2 4 8 1833 1287 2099
3794 2 2 4 8 1513 728 2074
3795 2 2 4 8 1280 2059 2095
3796 2 2 4 8 1854 1865 2056
3797 2 2 4 8 1170 1172 2066
3798 2 2 4 8 1047 1215 2106
3799 2 2 4 8 1043 1817 2114
3800 2 2 4 8 1875 1166 2061
3801 2 2 4 8 2057 1033 2067
3802 2 2 4 8 2120 1192 2136
3803 2 2 4 8 1033 554 2067
3804 2 2 4 8 924 2065 2094
3805 2 2 4 8 1031 1680 2112
3806 2 2 4 8 1277 1961 2065
3807 2 2 4 8 1166 1584 2072
3808 2 2 4 8 1318 2001 2045
3809 2 2 4 8 1278 1029 2070
3810 2 2 4 8 1852 1292 2094
3811 2 2 4 8 1144 2105 2135
3812 2 2 4 8 2059 1857 2095
3813 2 2 4 8 1935 1007 2092
3814 2 2 4 8 1730 1728 2075
3815 2 2 4 8 2096 1298 2105
3816 2 2 4 8 1517 1525 2018
3817 2 2 4 8 1039 1196 2122
3818 2 2 4 8 1462 1463 2111
3819 2 2 4 8 929 2091 2095
3820 2 2 4 8 2011 1155 2059
3821 2 2 4 8 2027 1175 2077
3822 2 2 4 8 1322 1894 2071
3823 2 2 4 8 1276 1619 2103
3824 2 2 4 8 1254 1448 2069
3825 2 2 4 8 1292 1291 2110
3826 2 2 4 8 2012 838 2097
3827 2 2 4 8 1749 1288 2125
3828 2 2 4 8 1515 1513 2134
3829 2 2 4 8 1992 1278 2070
3830 2 2 4 8 2052 1165 2062
3831 2 2 4 8 1182 1045 2118
3832 2 2 4 8 1035 2077 2086
3833 2 2 4 8 1978 2027 2077
3834 2 2 4 8 487 491 2082
3835 2 2 4 8 1159 2044 2076
3836 2 2 4 8 899 1642 2137
3837 2 2 4 8 794 507 2117
3838 2 2 4 8 1281 2067 2073
3839 2 2 4 8 2043 1273 2068
3840 2 2 4 8 1297 2055 2089
3841 2 2 4 8 1273 1473 2068
3842 2 2 4 8 1172 1481 2079
3843 2 2 4 8 2066 1172 2079
3844 2 2 4 8 1974 1281 2073
3845 2 2 4 8 1682 2012 2097
3846 2 2 4 8 926 733 2078
3847 2 2 4 8 1670 2004 2082
3848 2 2 4 8 1036 1276 2103
3849 2 2 4 8 2063 1805 2107
3850 2 2 4 8 803 1907 2113
3851 2 2 4 8 1179 2108 2114
3852 2 2 4 8 2110 1291 2118
3853 2 2 4 8 1671 2052 2062
3854 2 2 4 8 2065 1852 2094
3855 2 2 4 8 1754 1803 2080
3856 2 2 4 8 2091 1548 2095
3857 2 2 4 8 1144 1909 2105
3858 2 2 4 8 1183 1201 2132
3859 2 2 4 8 1208 1426 2085
3860 2 2 4 8 2047 1854 2056
3861 2 2 4 8 269 115 1491
3862 2 2 4 8 1179 2090 2096
3863 2 2 4 8 1871 1119 2083
3864 2 2 4 8 1276 1159 2076
3865 2 2 4 8 1287 2040 2099
3866 2 2 4 8 1975 911 2116
3867 2 2 4 8 389 1031 2087
3868 2 2 4 8 1322 2071 2084
3869 2 2 4 8 702 1035 2086
3870 2 2 4 8 1330 1322 2084
3871 2 2 4 8 1035 1978 2077
3872 2 2 4 8 1029 2028 2070
3873 2 2 4 8 1484 1253 2088
3874 2 2 4 8 1857 929 2095
3875 2 2 4 8 1992 2070 2108
3876 2 2 4 8 1670 2082 2098
3877 2 2 4 8 752 710 2129
3878 2 2 4 8 896 895 2133
3879 2 2 4 8 1666 2102 2131
3880 2 2 4 8 1469 292 1476
3881 2 2 4 8 929 790 2091
3882 2 2 4 8 903 1646 2139
3883 2 2 4 8 1038 1279 2130
3884 2 2 4 8 2094 1292 2110
3885 2 2 4 8 2103 1619 2119
3886 2 2 4 8 2129 1288 2132
3887 2 2 4 8 311 312 2093
3888 2 2 4 8 2113 1976 2125
3889 2 2 4 8 1241 1445 2081
3890 2 2 4 8 1817 1042 2090
3891 2 2 4 8 1805 1581 2107
3892 2 2 4 8 2090 1174 2096
3893 2 2 4 8 2087 1293 2102
3894 2 2 4 8 2107 1581 2109
3895 2 2 4 8 1150 1935 2092
3896 2 2 4 8 1548 1280 2095
3897 2 2 4 8 2072 1024 2101
3898 2 2 4 8 1119 2075 2083
3899 2 2 4 8 1936 924 2094
3900 2 2 4 8 900 899 2137
3901 2 2 4 8 2139 1646 2140
3902 2 2 4 8 1181 2120 2136
3903 2 2 4 8 1182 2118 2123
3904 2 2 4 8 1909 852 2105
3905 2 2 4 8 1271 2049 2089
3906 2 2 4 8 838 1924 2097
3907 2 2 4 8 1289 1833 2099
3908 2 2 4 8 1289 2099 2122
3909 2 2 4 8 1180 1670 2098
3910 2 2 4 8 1615 1610 2100
3911 2 2 4 8 1494 1493 2149
3912 2 2 4 8 1037 1255 2102
3913 2 2 4 8 816 1297 2104
3914 2 2 4 8 1815 2138 2145
3915 2 2 4 8 1666 2087 2102
3916 2 2 4 8 2105 1298 2135
3917 2 2 4 8 1048 1036 2103
3918 2 2 4 8 1178 1976 2113
3919 2 2 4 8 1287 1286 2101
3920 2 2 4 8 2097 1924 2112
3921 2 2 4 8 2016 1178 2113
3922 2 2 4 8 904 903 2139
3923 2 2 4 8 1298 1350 2135
3924 2 2 4 8 2055 1271 2089
3925 2 2 4 8 2109 1301 2117
3926 2 2 4 8 1294 907 2139
3927 2 2 4 8 1046 1047 2106
3928 2 2 4 8 1581 1302 2109
3929 2 2 4 8 1215 2104 2106
3930 2 2 4 8 1286 2072 2101
3931 2 2 4 8 1936 2094 2110
3932 2 2 4 8 1054 1192 2120
3933 2 2 4 8 1177 1043 2114
3934 2 2 4 8 850 2107 2109
3935 2 2 4 8 1044 2110 2118
3936 2 2 4 8 1044 1936 2110
3937 2 2 4 8 1462 2111 2127
3938 2 2 4 8 1181 2098 2120
3939 2 2 4 8 851 1992 2108
3940 2 2 4 8 1924 1293 2112
3941 2 2 4 8 1461 1462 2127
3942 2 2 4 8 1255 1461 2131
3943 2 2 4 8 279 1801 2115
3944 2 2 4 8 1290 1289 2122
3945 2 2 4 8 911 1176 2116
3946 2 2 4 8 382 385 2121
3947 2 2 4 8 850 1958 2107
3948 2 2 4 8 2130 1538 2143
3949 2 2 4 8 2108 1177 2114
3950 2 2 4 8 1045 1044 2118
3951 2 2 4 8 1907 2016 2113
3952 2 2 4 8 1619 866 2119
3953 2 2 4 8 711 752 2144
3954 2 2 4 8 2125 1288 2129
3955 2 2 4 8 852 2096 2105
3956 2 2 4 8 1291 783 2123
3957 2 2 4 8 1301 1299 2124
3958 2 2 4 8 2121 385 2131
3959 2 2 4 8 805 1054 2120
3960 2 2 4 8 381 2121 2127
3961 2 2 4 8 2134 276 2142
3962 2 2 4 8 1461 2121 2131
3963 2 2 4 8 276 1923 2142
3964 2 2 4 8 2116 1176 2126
3965 2 2 4 8 860 794 2124
3966 2 2 4 8 2144 1793 2153
3967 2 2 4 8 1176 1355 2126
3968 2 2 4 8 507 850 2117
3969 2 2 4 8 710 803 2129
3970 2 2 4 8 1299 1300 2128
3971 2 2 4 8 2124 1299 2128
3972 2 2 4 8 385 1666 2131
3973 2 2 4 8 2118 1291 2123
3974 2 2 4 8 2104 1297 2106
3975 2 2 4 8 1976 1749 2125
3976 2 2 4 8 1283 1038 2130
3977 2 2 4 8 2098 805 2120
3978 2 2 4 8 1288 1183 2132
3979 2 2 4 8 1053 860 2128
3980 2 2 4 8 2026 2130 2143
3981 2 2 4 8 899 896 2133
3982 2 2 4 8 1522 1515 2134
3983 2 2 4 8 1328 1144 2135
3984 2 2 4 8 1097 1929 2150
3985 2 2 4 8 2138 1052 2145
3986 2 2 4 8 860 2124 2128
3987 2 2 4 8 2026 1283 2130
3988 2 2 4 8 1327 1181 2136
3989 2 2 4 8 1486 1487 2150
3990 2 2 4 8 2000 1486 2150
3991 2 2 4 8 1538 1303 2143
3992 2 2 4 8 2121 1461 2127
3993 2 2 4 8 2119 1304 2141
3994 2 2 4 8 903 900 2137
3995 2 2 4 8 1008 1590 2151
3996 2 2 4 8 1304 1305 2152
3997 2 2 4 8 2143 1303 2145
3998 2 2 4 8 1303 1815 2145
3999 2 2 4 8 2150 1487 2155
4000 2 2 4 8 803 2125 2129
4001 2 2 4 8 1815 1237 2138
4002 2 2 4 8 907 904 2139
4003 2 2 4 8 850 2109 2117
4004 2 2 4 8 1646 1645 2140
4005 2 2 4 8 2140 1001 2146
4006 2 2 4 8 2058 2144 2153
4007 2 2 4 8 2128 1300 2141
4008 2 2 4 8 1923 1885 2142
4009 2 2 4 8 1053 2128 2141
4010 2 2 4 8 783 711 2144
4011 2 2 4 8 1051 2143 2145
4012 2 2 4 8 1052 1051 2145
4013 2 2 4 8 1295 1294 2146
4014 2 2 4 8 1522 2134 2142
4015 2 2 4 8 1295 2146 2148
4016 2 2 4 8 1051 2026 2143
4017 2 2 4 8 1447 1295 2148
4018 2 2 4 8 2122 1196 2147
4019 2 2 4 8 2153 1203 2154
4020 2 2 4 8 1793 1203 2153
4021 2 2 4 8 2058 783 2144
4022 2 2 4 8 1300 2119 2141
4023 2 2 4 8 1203 1429 2154
4024 2 2 4 8 1493 940 2149
4025 2 2 4 8 2141 1304 2152
4026 2 2 4 8 1053 2141 2152
4027 2 2 4 8 1282 1008 2151
4028 2 2 4 8 1929 2000 2150
4029 2 2 4 8 1081 1053 2152
4030 2 2 4 8 1371 2153 2154
4031 2 2 4 8 1290 2122 2147
4032 2 2 4 8 1184 1097 2155
4033 2 2 4 8 1408 1371 2154
4034 2 2 4 8 1294 2140 2146
4035 2 2 4 8 1371 2058 2153
4036 2 2 4 8 2202 1468 2338
4037 2 2 4 8 1221 1699 2248
4038 2 2 4 8 1918 1252 2156
4039 2 2 4 8 1470 1468 2202
4040 2 2 4 8 1403 1407 2159
4041 2 2 4 8 1373 2032 2157
4042 2 2 4 8 1918 2156 2161
4043 2 2 4 8 1711 1354 2256
4044 2 2 4 8 151 152 2158
4045 2 2 4 8 1377 1375 2157
4046 2 2 4 8 1808 2218 2344
4047 2 2 4 8 45 1415 2288
4048 2 2 4 8 1252 1502 2156
4049 2 2 4 8 1655 242 2299
4050 2 2 4 8 503 1526 2165
4051 2 2 4 8 1526 503 2166
4052 2 2 4 8 814 1753 2160
4053 2 2 4 8 1128 1130 2160
4054 2 2 4 8 1947 2163 2169
4055 2 2 4 8 1884 2162 2169
4056 2 2 4 8 503 2165 2179
4057 2 2 4 8 2156 1381 2161
4058 2 2 4 8 2032 824 2161
4059 2 2 4 8 775 1956 2207
4060 2 2 4 8 1427 953 2192
4061 2 2 4 8 1996 1761 2162
4062 2 2 4 8 1526 1518 2165
4063 2 2 4 8 1516 1521 2165
4064 2 2 4 8 503 501 2166
4065 2 2 4 8 506 856 2166
4066 2 2 4 8 1520 1526 2167
4067 2 2 4 8 2142 1885 2163
4068 2 2 4 8 1969 1887 2168
4069 2 2 4 8 807 500 2179
4070 2 2 4 8 1884 1883 2180
4071 2 2 4 8 1381 1377 2157
4072 2 2 4 8 1554 577 2274
4073 2 2 4 8 1391 1393 2184
4074 2 2 4 8 1375 1373 2157
4075 2 2 4 8 859 1079 2183
4076 2 2 4 8 856 793 2183
4077 2 2 4 8 1399 1397 2182
4078 2 2 4 8 1397 1443 2182
4079 2 2 4 8 1764 2222 2341
4080 2 2 4 8 152 751 2158
4081 2 2 4 8 2216 244 2342
4082 2 2 4 8 1389 1391 2184
4083 2 2 4 8 816 2104 2184
4084 2 2 4 8 2207 1956 2232
4085 2 2 4 8 575 816 2185
4086 2 2 4 8 202 1413 2349
4087 2 2 4 8 1079 952 2187
4088 2 2 4 8 1379 1381 2186
4089 2 2 4 8 1478 869 2189
4090 2 2 4 8 2149 940 2188
4091 2 2 4 8 230 231 2189
4092 2 2 4 8 239 240 2190
4093 2 2 4 8 1343 1282 2188
4094 2 2 4 8 1861 1267 2252
4095 2 2 4 8 1882 1346 2275
4096 2 2 4 8 1398 1403 2159
4097 2 2 4 8 2181 1405 2182
4098 2 2 4 8 1185 1547 2206
4099 2 2 4 8 953 882 2192
4100 2 2 4 8 677 1775 2181
4101 2 2 4 8 1753 1128 2160
4102 2 2 4 8 1547 1542 2210
4103 2 2 4 8 1380 1384 2195
4104 2 2 4 8 824 1918 2161
4105 2 2 4 8 775 1436 2201
4106 2 2 4 8 163 164 2197
4107 2 2 4 8 1381 2156 2186
4108 2 2 4 8 2164 807 2179
4109 2 2 4 8 2162 1884 2180
4110 2 2 4 8 1191 1996 2162
4111 2 2 4 8 1521 1522 2164
4112 2 2 4 8 1522 2163 2164
4113 2 2 4 8 1522 2142 2163
4114 2 2 4 8 1518 1516 2165
4115 2 2 4 8 501 506 2166
4116 2 2 4 8 1524 1520 2167
4117 2 2 4 8 200 277 2198
4118 2 2 4 8 669 199 2198
4119 2 2 4 8 1413 1378 2195
4120 2 2 4 8 2170 1191 2180
4121 2 2 4 8 1761 1947 2169
4122 2 2 4 8 1491 748 2171
4123 2 2 4 8 2170 1491 2171
4124 2 2 4 8 1509 1090 2178
4125 2 2 4 8 269 1491 2170
4126 2 2 4 8 485 1509 2177
4127 2 2 4 8 1623 485 2176
4128 2 2 4 8 2177 1509 2178
4129 2 2 4 8 1624 1623 2175
4130 2 2 4 8 2176 485 2177
4131 2 2 4 8 273 1624 2174
4132 2 2 4 8 748 1551 2172
4133 2 2 4 8 1551 273 2173
4134 2 2 4 8 2175 1623 2176
4135 2 2 4 8 2174 1624 2175
4136 2 2 4 8 2173 273 2174
4137 2 2 4 8 876 1969 2168
4138 2 2 4 8 2172 1551 2173
4139 2 2 4 8 2171 748 2172
4140 2 2 4 8 1885 1884 2169
4141 2 2 4 8 1187 1191 2170
4142 2 2 4 8 1187 2170 2171
4143 2 2 4 8 1192 1187 2171
4144 2 2 4 8 1192 2171 2172
4145 2 2 4 8 2136 1192 2172
4146 2 2 4 8 2136 2172 2173
4147 2 2 4 8 1327 2173 2174
4148 2 2 4 8 2037 1327 2174
4149 2 2 4 8 1327 2136 2173
4150 2 2 4 8 2037 2174 2175
4151 2 2 4 8 1186 2037 2175
4152 2 2 4 8 1193 1186 2176
4153 2 2 4 8 1193 2176 2177
4154 2 2 4 8 1401 1195 2178
4155 2 2 4 8 1186 2175 2176
4156 2 2 4 8 1195 1193 2177
4157 2 2 4 8 1195 2177 2178
4158 2 2 4 8 269 2170 2180
4159 2 2 4 8 500 503 2179
4160 2 2 4 8 1883 269 2180
4161 2 2 4 8 2033 1470 2199
4162 2 2 4 8 255 1811 2270
4163 2 2 4 8 1559 1560 2191
4164 2 2 4 8 1405 1399 2182
4165 2 2 4 8 700 696 2201
4166 2 2 4 8 697 775 2201
4167 2 2 4 8 1756 1755 2269
4168 2 2 4 8 793 859 2183
4169 2 2 4 8 1956 953 2232
4170 2 2 4 8 2223 1556 2340
4171 2 2 4 8 1071 1944 2191
4172 2 2 4 8 1533 1532 2202
4173 2 2 4 8 2218 1524 2344
4174 2 2 4 8 1685 267 2273
4175 2 2 4 8 1436 775 2207
4176 2 2 4 8 2168 1887 2249
4177 2 2 4 8 2156 1502 2186
4178 2 2 4 8 55 56 2204
4179 2 2 4 8 1351 1306 2217
4180 2 2 4 8 865 957 2205
4181 2 2 4 8 1306 993 2205
4182 2 2 4 8 1070 1185 2206
4183 2 2 4 8 1383 1436 2207
4184 2 2 4 8 50 51 2208
4185 2 2 4 8 1442 1219 2209
4186 2 2 4 8 1220 1733 2209
4187 2 2 4 8 814 2160 2255
4188 2 2 4 8 2193 1231 2313
4189 2 2 4 8 1542 512 2210
4190 2 2 4 8 49 50 2210
4191 2 2 4 8 1560 1712 2191
4192 2 2 4 8 1925 796 2268
4193 2 2 4 8 1790 1791 2277
4194 2 2 4 8 2186 1502 2200
4195 2 2 4 8 1545 938 2321
4196 2 2 4 8 1305 1351 2212
4197 2 2 4 8 1081 2152 2212
4198 2 2 4 8 1604 1602 2187
4199 2 2 4 8 54 55 2214
4200 2 2 4 8 1435 1202 2215
4201 2 2 4 8 1200 1354 2215
4202 2 2 4 8 1634 1636 2216
4203 2 2 4 8 1417 1434 2216
4204 2 2 4 8 505 1979 2266
4205 2 2 4 8 1191 2162 2180
4206 2 2 4 8 1521 2164 2179
4207 2 2 4 8 2104 1389 2184
4208 2 2 4 8 1808 1596 2218
4209 2 2 4 8 1693 1694 2219
4210 2 2 4 8 1205 1585 2220
4211 2 2 4 8 1431 1207 2220
4212 2 2 4 8 1233 1432 2221
4213 2 2 4 8 1705 1234 2221
4214 2 2 4 8 1313 1352 2219
4215 2 2 4 8 2181 1775 2203
4216 2 2 4 8 1764 1766 2222
4217 2 2 4 8 1555 1556 2223
4218 2 2 4 8 1065 2202 2338
4219 2 2 4 8 2222 1364 2341
4220 2 2 4 8 1658 1657 2228
4221 2 2 4 8 151 2158 2264
4222 2 2 4 8 268 1843 2265
4223 2 2 4 8 1407 779 2312
4224 2 2 4 8 983 1065 2229
4225 2 2 4 8 1505 1227 2230
4226 2 2 4 8 1236 1430 2231
4227 2 2 4 8 2195 1384 2332
4228 2 2 4 8 817 575 2185
4229 2 2 4 8 265 1421 2320
4230 2 2 4 8 1382 1379 2186
4231 2 2 4 8 1355 1235 2235
4232 2 2 4 8 2084 1347 2234
4233 2 2 4 8 689 1418 2323
4234 2 2 4 8 1433 278 2272
4235 2 2 4 8 952 1081 2187
4236 2 2 4 8 1406 2181 2203
4237 2 2 4 8 1282 2149 2188
4238 2 2 4 8 869 230 2189
4239 2 2 4 8 868 239 2190
4240 2 2 4 8 1358 1452 2236
4241 2 2 4 8 1356 1357 2237
4242 2 2 4 8 1659 1660 2237
4243 2 2 4 8 162 163 2238
4244 2 2 4 8 1440 249 2329
4245 2 2 4 8 1393 1394 2227
4246 2 2 4 8 1586 1348 2239
4247 2 2 4 8 1348 1216 2240
4248 2 2 4 8 1838 1576 2271
4249 2 2 4 8 1232 1356 2241
4250 2 2 4 8 1415 252 2307
4251 2 2 4 8 1849 245 2262
4252 2 2 4 8 1190 1358 2242
4253 2 2 4 8 1231 1229 2243
4254 2 2 4 8 1558 2168 2249
4255 2 2 4 8 1502 700 2200
4256 2 2 4 8 1424 1326 2245
4257 2 2 4 8 2126 1355 2245
4258 2 2 4 8 1347 1316 2246
4259 2 2 4 8 1419 265 2310
4260 2 2 4 8 1340 1342 2247
4261 2 2 4 8 2025 1362 2249
4262 2 2 4 8 571 573 2250
4263 2 2 4 8 1861 703 2228
4264 2 2 4 8 1834 932 2261
4265 2 2 4 8 2160 1765 2255
4266 2 2 4 8 260 1428 2302
4267 2 2 4 8 247 1791 2278
4268 2 2 4 8 1706 1705 2253
4269 2 2 4 8 1585 1224 2254
4270 2 2 4 8 1364 1954 2255
4271 2 2 4 8 882 1052 2192
4272 2 2 4 8 1227 1226 2251
4273 2 2 4 8 1354 1083 2256
4274 2 2 4 8 941 1071 2256
4275 2 2 4 8 1662 881 2257
4276 2 2 4 8 1441 1440 2196
4277 2 2 4 8 1423 1437 2193
4278 2 2 4 8 1130 1131 2258
4279 2 2 4 8 125 126 2194
4280 2 2 4 8 673 1595 2260
4281 2 2 4 8 2158 1635 2264
4282 2 2 4 8 1715 1717 2261
4283 2 2 4 8 670 1686 2231
4284 2 2 4 8 1414 77 2298
4285 2 2 4 8 1454 1320 2262
4286 2 2 4 8 1414 1328 2263
4287 2 2 4 8 2135 1350 2263
4288 2 2 4 8 244 150 2264
4289 2 2 4 8 1733 1734 2265
4290 2 2 4 8 1308 1993 2266
4291 2 2 4 8 732 779 2267
4292 2 2 4 8 957 755 2267
4293 2 2 4 8 1392 799 2244
4294 2 2 4 8 1382 2186 2200
4295 2 2 4 8 1589 1588 2268
4296 2 2 4 8 1378 1380 2195
4297 2 2 4 8 242 1656 2311
4298 2 2 4 8 1359 1850 2269
4299 2 2 4 8 1325 1721 2270
4300 2 2 4 8 688 157 2271
4301 2 2 4 8 158 1838 2271
4302 2 2 4 8 278 173 2272
4303 2 2 4 8 174 515 2272
4304 2 2 4 8 1519 1523 2274
4305 2 2 4 8 250 37 2275
4306 2 2 4 8 38 1882 2275
4307 2 2 4 8 167 773 2277
4308 2 2 4 8 1323 1331 2278
4309 2 2 4 8 1791 1789 2278
4310 2 2 4 8 2147 1196 2279
4311 2 2 4 8 1321 1330 2280
4312 2 2 4 8 577 103 2285
4313 2 2 4 8 544 18 2284
4314 2 2 4 8 19 281 2284
4315 2 2 4 8 504 211 2286
4316 2 2 4 8 260 84 2287
4317 2 2 4 8 85 799 2287
4318 2 2 4 8 164 247 2197
4319 2 2 4 8 774 44 2288
4320 2 2 4 8 186 263 2289
4321 2 2 4 8 671 185 2289
4322 2 2 4 8 1228 1072 2290
4323 2 2 4 8 172 278 2292
4324 2 2 4 8 1329 1309 2293
4325 2 2 4 8 796 133 2294
4326 2 2 4 8 134 241 2294
4327 2 2 4 8 127 505 2295
4328 2 2 4 8 248 204 2296
4329 2 2 4 8 205 797 2296
4330 2 2 4 8 26 268 2297
4331 2 2 4 8 723 25 2297
4332 2 2 4 8 78 259 2298
4333 2 2 4 8 1345 2031 2301
4334 2 2 4 8 2159 1407 2250
4335 2 2 4 8 199 200 2198
4336 2 2 4 8 1434 148 2352
4337 2 2 4 8 679 82 2302
4338 2 2 4 8 83 260 2302
4339 2 2 4 8 1339 1848 2303
4340 2 2 4 8 1536 1537 2304
4341 2 2 4 8 1318 2045 2305
4342 2 2 4 8 183 1435 2351
4343 2 2 4 8 198 669 2306
4344 2 2 4 8 267 197 2306
4345 2 2 4 8 1540 1544 2307
4346 2 2 4 8 1338 1638 2308
4347 2 2 4 8 1413 202 2300
4348 2 2 4 8 779 569 2312
4349 2 2 4 8 568 571 2312
4350 2 2 4 8 1350 1198 2225
4351 2 2 4 8 1244 1454 2224
4352 2 2 4 8 1698 1699 2233
4353 2 2 4 8 285 1568 2314
4354 2 2 4 8 938 1546 2322
4355 2 2 4 8 284 2033 2199
4356 2 2 4 8 797 1899 2254
4357 2 2 4 8 1877 723 2253
4358 2 2 4 8 30 1442 2345
4359 2 2 4 8 248 1376 2300
4360 2 2 4 8 668 190 2320
4361 2 2 4 8 191 265 2320
4362 2 2 4 8 1362 2223 2340
4363 2 2 4 8 608 1662 2321
4364 2 2 4 8 938 786 2321
4365 2 2 4 8 1185 934 2322
4366 2 2 4 8 809 938 2322
4367 2 2 4 8 1436 1382 2200
4368 2 2 4 8 696 697 2201
4369 2 2 4 8 146 689 2323
4370 2 2 4 8 243 145 2323
4371 2 2 4 8 241 1860 2252
4372 2 2 4 8 242 140 2299
4373 2 2 4 8 856 2183 2259
4374 2 2 4 8 1089 1459 2326
4375 2 2 4 8 5 223 2324
4376 2 2 4 8 2 106 2325
4377 2 2 4 8 105 2 2325
4378 2 2 4 8 940 5 2324
4379 2 2 4 8 4 214 2326
4380 2 2 4 8 213 4 2326
4381 2 2 4 8 240 1 2327
4382 2 2 4 8 1 7 2327
4383 2 2 4 8 231 6 2328
4384 2 2 4 8 1088 1528 2325
4385 2 2 4 8 6 232 2328
4386 2 2 4 8 148 149 2352
4387 2 2 4 8 33 798 2329
4388 2 2 4 8 249 32 2329
4389 2 2 4 8 798 1868 2251
4390 2 2 4 8 182 183 2351
4391 2 2 4 8 201 202 2349
4392 2 2 4 8 87 88 2331
4393 2 2 4 8 1222 1674 2346
4394 2 2 4 8 29 30 2345
4395 2 2 4 8 1601 1809 2339
4396 2 2 4 8 1415 1368 2288
4397 2 2 4 8 277 2195 2332
4398 2 2 4 8 1425 281 2315
4399 2 2 4 8 504 1426 2316
4400 2 2 4 8 1307 1308 2226
4401 2 2 4 8 2192 1052 2213
4402 2 2 4 8 1065 1533 2202
4403 2 2 4 8 1888 759 2247
4404 2 2 4 8 257 1726 2248
4405 2 2 4 8 1524 2167 2259
4406 2 2 4 8 124 3 2330
4407 2 2 4 8 3 125 2330
4408 2 2 4 8 2185 1393 2227
4409 2 2 4 8 1797 280 2246
4410 2 2 4 8 1588 1307 2226
4411 2 2 4 8 1775 1774 2203
4412 2 2 4 8 1544 1545 2257
4413 2 2 4 8 263 1743 2243
4414 2 2 4 8 1895 774 2242
4415 2 2 4 8 1678 284 2347
4416 2 2 4 8 56 255 2204
4417 2 2 4 8 1864 243 2241
4418 2 2 4 8 799 86 2244
4419 2 2 4 8 993 865 2205
4420 2 2 4 8 1593 286 2240
4421 2 2 4 8 1566 544 2239
4422 2 2 4 8 1575 1244 2224
4423 2 2 4 8 1198 1359 2225
4424 2 2 4 8 1315 1070 2206
4425 2 2 4 8 1416 689 2317
4426 2 2 4 8 1385 1383 2207
4427 2 2 4 8 1362 1361 2223
4428 2 2 4 8 51 254 2208
4429 2 2 4 8 2183 1809 2259
4430 2 2 4 8 1079 2187 2339
4431 2 2 4 8 1219 1220 2209
4432 2 2 4 8 203 248 2300
4433 2 2 4 8 2203 1774 2217
4434 2 2 4 8 512 49 2210
4435 2 2 4 8 1859 251 2236
4436 2 2 4 8 1604 2187 2335
4437 2 2 4 8 1477 1478 2291
4438 2 2 4 8 265 192 2310
4439 2 2 4 8 1223 1786 2211
4440 2 2 4 8 876 2168 2336
4441 2 2 4 8 671 1429 2318
4442 2 2 4 8 773 1567 2235
4443 2 2 4 8 1810 1771 2234
4444 2 2 4 8 86 87 2244
4445 2 2 4 8 1369 1415 2307
4446 2 2 4 8 2152 1305 2212
4447 2 2 4 8 678 1698 2233
4448 2 2 4 8 1052 2138 2213
4449 2 2 4 8 139 242 2311
4450 2 2 4 8 1363 1364 2222
4451 2 2 4 8 2187 1081 2335
4452 2 2 4 8 1385 2207 2232
4453 2 2 4 8 932 54 2214
4454 2 2 4 8 1202 1200 2215
4455 2 2 4 8 2194 126 2295
4456 2 2 4 8 1866 250 2230
4457 2 2 4 8 1636 1417 2216
4458 2 2 4 8 1774 262 2217
4459 2 2 4 8 1523 1524 2218
4460 2 2 4 8 1596 289 2218
4461 2 2 4 8 643 1693 2219
4462 2 2 4 8 1207 1205 2220
4463 2 2 4 8 1234 1233 2221
4464 2 2 4 8 1766 679 2222
4465 2 2 4 8 515 1555 2223
4466 2 2 4 8 1839 688 2224
4467 2 2 4 8 258 1747 2225
4468 2 2 4 8 1938 275 2226
4469 2 2 4 8 1424 171 2292
4470 2 2 4 8 281 20 2315
4471 2 2 4 8 210 504 2316
4472 2 2 4 8 2196 798 2251
4473 2 2 4 8 1071 2191 2348
4474 2 2 4 8 1657 1965 2228
4475 2 2 4 8 1699 257 2248
4476 2 2 4 8 1559 2191 2336
4477 2 2 4 8 1360 1414 2298
4478 2 2 4 8 1078 983 2229
4479 2 2 4 8 1349 1505 2230
4480 2 2 4 8 1237 1236 2231
4481 2 2 4 8 1411 1385 2232
4482 2 2 4 8 1290 2147 2233
4483 2 2 4 8 1330 2084 2234
4484 2 2 4 8 1235 1823 2235
4485 2 2 4 8 689 147 2317
4486 2 2 4 8 1396 1398 2276
4487 2 2 4 8 1452 1329 2236
4488 2 2 4 8 184 671 2318
4489 2 2 4 8 1344 1343 2347
4490 2 2 4 8 1357 1659 2237
4491 2 2 4 8 759 162 2238
4492 2 2 4 8 2187 1602 2339
4493 2 2 4 8 2202 1532 2334
4494 2 2 4 8 1442 30 2319
4495 2 2 4 8 1860 1861 2252
4496 2 2 4 8 2203 2217 2333
4497 2 2 4 8 1386 1586 2239
4498 2 2 4 8 1216 1345 2240
4499 2 2 4 8 1413 2195 2349
4500 2 2 4 8 1394 1396 2276
4501 2 2 4 8 1315 2206 2309
4502 2 2 4 8 2191 1712 2348
4503 2 2 4 8 1435 183 2318
4504 2 2 4 8 1365 1232 2241
4505 2 2 4 8 148 1434 2317
4506 2 2 4 8 1366 1190 2242
4507 2 2 4 8 1229 1370 2243
4508 2 2 4 8 104 1528 2285
4509 2 2 4 8 212 1459 2286
4510 2 2 4 8 1395 1392 2244
4511 2 2 4 8 1238 1694 2314
4512 2 2 4 8 1431 209 2316
4513 2 2 4 8 21 1432 2315
4514 2 2 4 8 141 1660 2299
4515 2 2 4 8 1658 138 2311
4516 2 2 4 8 193 1430 2310
4517 2 2 4 8 30 31 2319
4518 2 2 4 8 1326 2126 2245
4519 2 2 4 8 1316 1339 2246
4520 2 2 4 8 1398 2159 2276
4521 2 2 4 8 1342 1536 2247
4522 2 2 4 8 2045 1221 2248
4523 2 2 4 8 1887 2025 2249
4524 2 2 4 8 2191 1944 2336
4525 2 2 4 8 573 817 2250
4526 2 2 4 8 1267 1772 2252
4527 2 2 4 8 1412 1427 2273
4528 2 2 4 8 2260 1228 2290
4529 2 2 4 8 249 1438 2319
4530 2 2 4 8 1675 2290 2291
4531 2 2 4 8 2290 1078 2291
4532 2 2 4 8 1783 1706 2253
4533 2 2 4 8 1224 1372 2254
4534 2 2 4 8 1954 814 2255
4535 2 2 4 8 668 1423 2313
4536 2 2 4 8 31 249 2319
4537 2 2 4 8 183 184 2318
4538 2 2 4 8 1083 941 2256
4539 2 2 4 8 147 148 2317
4540 2 2 4 8 202 203 2300
4541 2 2 4 8 881 1945 2257
4542 2 2 4 8 817 2185 2227
4543 2 2 4 8 1131 1360 2258
4544 2 2 4 8 1675 673 2260
4545 2 2 4 8 1717 1475 2261
4546 2 2 4 8 1320 1337 2262
4547 2 2 4 8 1328 2135 2263
4548 2 2 4 8 1334 1238 2314
4549 2 2 4 8 209 210 2316
4550 2 2 4 8 20 21 2315
4551 2 2 4 8 150 151 2264
4552 2 2 4 8 1734 1780 2265
4553 2 2 4 8 1993 1400 2266
4554 2 2 4 8 755 732 2267
4555 2 2 4 8 1402 1424 2292
4556 2 2 4 8 138 139 2311
4557 2 2 4 8 1819 1589 2268
4558 2 2 4 8 192 193 2310
4559 2 2 4 8 1850 1319 2269
4560 2 2 4 8 1336 1325 2270
4561 2 2 4 8 157 158 2271
4562 2 2 4 8 173 174 2272
4563 2 2 4 8 2216 1434 2352
4564 2 2 4 8 1435 2215 2351
4565 2 2 4 8 1525 1519 2274
4566 2 2 4 8 37 38 2275
4567 2 2 4 8 140 141 2299
4568 2 2 4 8 166 167 2277
4569 2 2 4 8 2195 277 2349
4570 2 2 4 8 1789 1323 2278
4571 2 2 4 8 1196 1896 2279
4572 2 2 4 8 1896 1321 2280
4573 2 2 4 8 1595 480 2283
4574 2 2 4 8 480 1700 2282
4575 2 2 4 8 1700 868 2281
4576 2 2 4 8 480 2282 2283
4577 2 2 4 8 1700 2281 2282
4578 2 2 4 8 1335 1228 2283
4579 2 2 4 8 1353 2053 2281
4580 2 2 4 8 2053 1335 2282
4581 2 2 4 8 2281 2053 2282
4582 2 2 4 8 2282 1335 2283
4583 2 2 4 8 211 212 2286
4584 2 2 4 8 18 19 2284
4585 2 2 4 8 103 104 2285
4586 2 2 4 8 1528 1620 2285
4587 2 2 4 8 1459 1458 2286
4588 2 2 4 8 2199 1344 2347
4589 2 2 4 8 84 85 2287
4590 2 2 4 8 44 45 2288
4591 2 2 4 8 185 186 2289
4592 2 2 4 8 1072 1078 2290
4593 2 2 4 8 171 172 2292
4594 2 2 4 8 1309 1311 2293
4595 2 2 4 8 133 134 2294
4596 2 2 4 8 1442 2209 2345
4597 2 2 4 8 126 127 2295
4598 2 2 4 8 204 205 2296
4599 2 2 4 8 25 26 2297
4600 2 2 4 8 77 78 2298
4601 2 2 4 8 1376 1413 2300
4602 2 2 4 8 1660 1655 2299
4603 2 2 4 8 2031 1334 2301
4604 2 2 4 8 2167 856 2259
4605 2 2 4 8 2256 1071 2348
4606 2 2 4 8 82 83 2302
4607 2 2 4 8 1848 1336 2303
4608 2 2 4 8 1537 1577 2304
4609 2 2 4 8 1319 1318 2305
4610 2 2 4 8 1532 1344 2334
4611 2 2 4 8 197 198 2306
4612 2 2 4 8 252 1540 2307
4613 2 2 4 8 1337 1338 2308
4614 2 2 4 8 1475 1315 2309
4615 2 2 4 8 1430 1419 2310
4616 2 2 4 8 1656 1658 2311
4617 2 2 4 8 569 568 2312
4618 2 2 4 8 1470 2202 2334
4619 2 2 4 8 1744 668 2313
4620 2 2 4 8 1694 285 2314
4621 2 2 4 8 1432 1425 2315
4622 2 2 4 8 1426 1431 2316
4623 2 2 4 8 1434 1416 2317
4624 2 2 4 8 1429 1435 2318
4625 2 2 4 8 868 2190 2337
4626 2 2 4 8 1438 1442 2319
4627 2 2 4 8 2188 940 2324
4628 2 2 4 8 2189 231 2328
4629 2 2 4 8 2190 240 2327
4630 2 2 4 8 190 191 2320
4631 2 2 4 8 786 608 2321
4632 2 2 4 8 934 809 2322
4633 2 2 4 8 2217 1306 2333
4634 2 2 4 8 1081 2212 2335
4635 2 2 4 8 145 146 2323
4636 2 2 4 8 1090 124 2330
4637 2 2 4 8 106 1088 2325
4638 2 2 4 8 223 1678 2324
4639 2 2 4 8 214 1089 2326
4640 2 2 4 8 7 1223 2327
4641 2 2 4 8 232 1222 2328
4642 2 2 4 8 1306 2205 2333
4643 2 2 4 8 1712 1711 2348
4644 2 2 4 8 1130 2258 2343
4645 2 2 4 8 244 2264 2342
4646 2 2 4 8 32 33 2329
4647 2 2 4 8 1364 2255 2341
4648 2 2 4 8 1384 1410 2332
4649 2 2 4 8 2249 1362 2340
4650 2 2 4 8 2198 277 2332
4651 2 2 4 8 1468 1469 2338
4652 2 2 4 8 88 261 2331
4653 2 2 4 8 2206 1547 2350
4654 2 2 4 8 2229 1065 2338
4655 2 2 4 8 1547 2208 2350
4656 2 2 4 8 2199 1470 2334
4657 2 2 4 8 1524 2259 2344
4658 2 2 4 8 1556 1558 2340
4659 2 2 4 8 2309 2206 2350
4660 2 2 4 8 1605 1604 2335
4661 2 2 4 8 1344 2199 2334
4662 2 2 4 8 1765 1764 2341
4663 2 2 4 8 1944 876 2336
4664 2 2 4 8 1602 1601 2339
4665 2 2 4 8 1809 1808 2344
4666 2 2 4 8 1423 2193 2313
4667 2 2 4 8 1635 1634 2342
4668 2 2 4 8 1763 1765 2343
4669 2 2 4 8 686 29 2345
4670 2 2 4 8 1674 1675 2346
4671 2 2 4 8 277 201 2349
4672 2 2 4 8 264 182 2351
4673 2 2 4 8 149 244 2352
4674 2 2 4 8 1678 2188 2324
4675 2 2 4 8 1222 2189 2328
4676 2 2 4 8 1223 2190 2327
4677 2 2 4 8 244 2216 2352
4678 2 2 4 8 2215 264 2351
4679 2 2 4 8 2209 686 2345
4680 2 2 4 8 2227 1394 2276
4681 2 2 4 8 2194 1090 2330
4682 2 2 4 8 125 2194 2330
4683 2 2 4 8 1675 2260 2290
4684 2 2 4 8 1410 2198 2332
4685 2 2 4 8 1711 2256 2348
4686 2 2 4 8 2212 1605 2335
4687 2 2 4 8 2205 1406 2333
4688 2 2 4 8 1406 2203 2333
4689 2 2 4 8 284 2199 2347
4690 2 2 4 8 2208 254 2350
4691 2 2 4 8 1675 2291 2346
4692 2 2 4 8 2291 1478 2346
4693 2 2 4 8 1469 2229 2338
4694 2 2 4 8 2211 1353 2337
4695 2 2 4 8 1558 2249 2340
4696 2 2 4 8 1353 2281 2337
4697 2 2 4 8 2281 868 2337
4698 2 2 4 8 2255 1765 2341
4699 2 2 4 8 2258 1763 2343
4700 2 2 4 8 2259 1809 2344
4701 2 2 4 8 2264 1635 2342
4702 2 2 4 8 254 2309 2350
$EndElements
